Timestamp (ns),Time (s),X Position (m),Y Position (m),Yaw (rad),Steering Command,change_gear_times
106017798366,106.0178,72.353630,-107.499977,-0.000047,0.000000,1
106067798366,106.0678,72.483200,-107.499977,-0.000047,0.000000,1
106117798367,106.1178,72.615532,-107.499977,-0.000047,0.000000,1
106167798368,106.1678,72.750687,-107.499977,-0.000047,0.000000,1
106217798369,106.2178,72.888519,-107.499977,-0.000047,0.000000,1
106267798369,106.2678,73.029091,-107.499977,-0.000047,0.000000,1
106317798370,106.3178,73.172264,-107.499977,-0.000047,0.000000,1
106367798371,106.3678,73.318108,-107.499977,-0.000047,0.000000,1
106417798371,106.4178,73.466484,-107.499977,-0.000047,0.000000,1
106467798372,106.4678,73.617455,-107.499977,-0.000047,0.000000,1
106517798373,106.5178,73.770889,-107.499977,-0.000047,0.000000,1
106567798374,106.5678,73.926842,-107.499977,-0.000046,0.000000,1
106617798374,106.6178,74.085190,-107.499977,-0.000046,0.000000,1
106667798375,106.6678,74.245995,-107.499977,-0.000046,0.000000,1
106717798376,106.7178,74.409126,-107.499977,-0.000046,0.000000,1
106767798377,106.7678,74.574631,-107.499977,-0.000046,0.000000,1
106817798377,106.8178,74.742409,-107.499977,-0.000046,0.000000,1
106867798378,106.8678,74.912491,-107.499977,-0.000046,0.000000,1
106917798379,106.9178,75.084770,-107.499977,-0.000046,0.000000,1
106967798380,106.9678,75.259300,-107.499977,-0.000046,0.000000,1
107017798380,107.0178,75.435974,-107.499977,-0.000046,0.000000,1
107067798381,107.0678,75.614830,-107.499977,-0.000046,0.000000,1
107117798382,107.1178,75.794769,-107.499977,-0.000046,0.000000,1
107167798383,107.1678,75.938622,-107.499977,-0.000046,0.000000,1
107217798383,107.2178,76.015358,-107.499977,-0.000047,0.000000,1
107267798384,107.2678,76.031082,-107.499977,-0.000044,0.000000,1
107317798385,107.3178,76.031090,-107.499977,-0.000044,0.000000,1
107367798386,107.3678,76.031235,-107.499977,-0.000044,0.000000,1
107417798386,107.4178,76.031403,-107.499977,-0.000044,-0.370425,2
107467798387,107.4678,76.031532,-107.499977,-0.000043,-0.370425,2
107517798388,107.5178,76.031639,-107.499977,-0.000043,-0.370425,2
107567798389,107.5678,76.031731,-107.499977,-0.000042,-0.370425,2
107617798389,107.6178,76.029243,-107.500351,-0.000270,-0.370425,2
107667798390,107.6678,76.026901,-107.500908,-0.000689,-0.370425,2
107717798391,107.7178,76.024742,-107.501259,-0.000903,-0.370425,2
107767798392,107.7678,76.022614,-107.501778,-0.001288,-0.370425,2
107817798392,107.8178,76.020607,-107.502098,-0.001480,-0.370425,2
107867798393,107.8678,76.018585,-107.502579,-0.001853,-0.370425,2
107917798394,107.9178,76.016624,-107.502876,-0.002041,-0.370425,2
107967798395,107.9678,76.014572,-107.503365,-0.002426,-0.370425,2
108017798395,108.0178,76.012512,-107.503677,-0.002633,-0.370425,2
108067798396,108.0678,76.010323,-107.504196,-0.003038,-0.370425,2
108117798397,108.1178,76.008102,-107.504532,-0.003268,-0.370425,2
108167798398,108.1678,76.005745,-107.505066,-0.003697,-0.370425,2
108217798398,108.2178,76.003365,-107.505440,-0.003950,-0.370425,2
108267798399,108.2678,76.000832,-107.506012,-0.004403,-0.370425,2
108317798400,108.3178,75.998276,-107.506416,-0.004681,-0.370425,2
108367798401,108.3678,75.995583,-107.507019,-0.005159,-0.370425,2
108417798401,108.4178,75.992844,-107.507446,-0.005462,-0.370425,2
108467798402,108.4678,75.989952,-107.508095,-0.005970,-0.370425,2
108517798403,108.5178,75.987000,-107.508560,-0.006309,-0.370425,2
108567798404,108.5678,75.983887,-107.509239,-0.006849,-0.370425,2
108617798404,108.6178,75.976662,-107.510544,-0.007581,-0.370425,2
108667798405,108.6678,75.959702,-107.513443,-0.010037,-0.370425,2
108717798406,108.7178,75.931053,-107.518456,-0.014118,-0.370425,2
108767798407,108.7678,75.901184,-107.523796,-0.018316,-0.370425,2
108817798407,108.8178,75.870567,-107.529121,-0.023008,-0.370425,2
108867798408,108.8678,75.839371,-107.534584,-0.027175,-0.370425,2
108917798409,108.9178,75.808960,-107.539658,-0.031644,-0.370425,2
108967798409,108.9678,75.778557,-107.544640,-0.035951,-0.370425,2
109017798410,109.0178,75.749023,-107.549370,-0.040048,-0.370425,2
109067798411,109.0678,75.720139,-107.553726,-0.044049,-0.370425,2
109117798412,109.1178,75.690056,-107.557938,-0.048377,-0.370425,2
109167798412,109.1678,75.659180,-107.562500,-0.052845,-0.370425,2
109217798413,109.2178,75.627258,-107.567139,-0.057622,-0.370425,2
109267798414,109.2678,75.592926,-107.571785,-0.062602,-0.370425,2
109317798415,109.3178,75.555237,-107.576775,-0.068003,-0.370425,2
109367798415,109.3678,75.516457,-107.581650,-0.073459,-0.370425,2
109417798416,109.4178,75.478958,-107.586182,-0.078685,-0.370425,2
109467798417,109.4678,75.442360,-107.590477,-0.083754,-0.370425,2
109517798418,109.5178,75.405937,-107.594429,-0.088900,-0.370425,2
109567798418,109.5678,75.369568,-107.598221,-0.094067,-0.370425,2
109617798419,109.6178,75.333939,-107.601807,-0.098971,-0.370425,2
109667798420,109.6678,75.298630,-107.605186,-0.103873,-0.370425,2
109717798421,109.7178,75.263618,-107.608269,-0.108802,-0.370425,2
109767798421,109.7678,75.228882,-107.611198,-0.113744,-0.370425,2
109817798422,109.8178,75.192154,-107.614090,-0.118697,-0.370425,2
109867798423,109.8678,75.155014,-107.616821,-0.123990,-0.370425,2
109917798424,109.9178,75.117874,-107.619354,-0.129108,-0.370425,2
109967798424,109.9678,75.081429,-107.621727,-0.134135,-0.370425,2
110017798425,110.0178,75.045059,-107.623917,-0.139133,-0.370425,2
110067798426,110.0678,75.008659,-107.625946,-0.144035,-0.370425,2
110117798427,110.1178,74.971436,-107.627762,-0.149272,-0.370425,2
110167798427,110.1678,74.930199,-107.629555,-0.155225,-0.370425,2
110217798428,110.2178,74.888466,-107.631119,-0.161028,-0.370425,2
110267798429,110.2678,74.847389,-107.632675,-0.166867,-0.370425,2
110317798430,110.3178,74.806694,-107.633896,-0.172450,-0.370425,2
110367798430,110.3678,74.766281,-107.635010,-0.178159,-0.370425,2
110417798431,110.4178,74.726242,-107.635712,-0.183706,-0.370425,2
110467798432,110.4678,74.686432,-107.636345,-0.189345,-0.370425,2
110517798433,110.5178,74.646744,-107.636627,-0.194789,-0.370425,2
110567798433,110.5678,74.607246,-107.636841,-0.200373,-0.370425,2
110617798434,110.6178,74.567947,-107.636665,-0.205815,-0.370425,2
110667798435,110.6678,74.528778,-107.636436,-0.211368,-0.370425,2
110717798436,110.7178,74.489632,-107.635864,-0.216734,-0.370425,2
110767798436,110.7678,74.450577,-107.635201,-0.222259,-0.370425,2
110817798437,110.8178,74.411674,-107.634171,-0.227648,-0.370425,2
110867798438,110.8678,74.372849,-107.633087,-0.233161,-0.370425,2
110917798439,110.9178,74.333984,-107.631660,-0.238498,-0.370425,2
110967798439,110.9678,74.295197,-107.630157,-0.244000,-0.370425,2
111017798440,111.0178,74.256546,-107.628258,-0.249363,-0.370425,2
111067798441,111.0678,74.217949,-107.626312,-0.254855,-0.370425,2
111117798442,111.1178,74.179283,-107.624069,-0.260171,-0.370425,2
111167798442,111.1678,74.140656,-107.621727,-0.265657,-0.370425,2
111217798443,111.2178,74.102173,-107.619019,-0.271007,-0.370425,2
111267798444,111.2678,74.063713,-107.616264,-0.276488,-0.370425,2
111317798445,111.3178,74.025177,-107.613190,-0.281796,-0.370425,2
111367798445,111.3678,73.986664,-107.610023,-0.287276,-0.370425,2
111417798446,111.4178,73.948280,-107.606483,-0.292623,-0.370425,2
111467798447,111.4678,73.909912,-107.602898,-0.298098,-0.370425,2
111517798447,111.5178,73.871460,-107.598991,-0.303407,-0.370425,2
111567798448,111.5678,73.833054,-107.594986,-0.308887,-0.370425,2
111617798449,111.6178,73.794754,-107.590622,-0.314225,-0.370425,2
111667798450,111.6678,73.756462,-107.586212,-0.319717,-0.370425,2
111717798450,111.7178,73.718140,-107.581482,-0.325008,-0.370425,2
111767798451,111.7678,73.679787,-107.576645,-0.330490,-0.370425,2
111817798452,111.8178,73.641579,-107.571449,-0.335844,-0.370425,2
111867798453,111.8678,73.603386,-107.566208,-0.341311,-0.370425,2
111917798453,111.9178,73.565102,-107.560631,-0.346630,-0.370425,2
111967798454,111.9678,73.526855,-107.554977,-0.352111,-0.370425,2
112017798455,112.0178,73.488731,-107.548950,-0.357456,-0.370425,2
112067798456,112.0678,73.450615,-107.542877,-0.362951,-0.370425,2
112117798456,112.1178,73.412460,-107.536469,-0.368258,-0.370425,2
112167798457,112.1678,73.374298,-107.529976,-0.373749,-0.370425,2
112217798458,112.2178,73.336281,-107.523125,-0.379110,-0.370425,2
112267798459,112.2678,73.298286,-107.516220,-0.384587,-0.370425,2
112317798459,112.3178,73.260307,-107.508972,-0.389909,-0.370425,2
112367798460,112.3678,73.222496,-107.501740,-0.395336,-0.370425,2
112417798461,112.4178,73.184685,-107.494080,-0.400705,-0.370425,2
112467798462,112.4678,73.147087,-107.486404,-0.406131,-0.370425,2
112517798462,112.5178,73.109245,-107.478355,-0.411505,-0.370425,2
112567798463,112.5678,73.071304,-107.470253,-0.416997,-0.370425,2
112617798464,112.6178,73.033440,-107.461716,-0.422375,-0.370425,2
112667798465,112.6678,72.995605,-107.453156,-0.427881,-0.370425,2
112717798465,112.7178,72.957695,-107.444229,-0.433229,-0.370425,2
112767798466,112.7678,72.919830,-107.435211,-0.438747,-0.370425,2
112817798467,112.8178,72.882149,-107.425858,-0.444129,-0.370425,2
112867798468,112.8678,72.844482,-107.416451,-0.449647,-0.370425,2
112917798468,112.9178,72.806801,-107.406715,-0.454990,-0.370425,2
112967798469,112.9678,72.769142,-107.396889,-0.460509,-0.370425,2
113017798470,113.0178,72.731667,-107.386696,-0.465894,-0.370425,2
113067798471,113.0678,72.694229,-107.376480,-0.471406,-0.370425,2
113117798471,113.1178,72.656761,-107.365929,-0.476754,-0.370425,2
113167798472,113.1678,72.619331,-107.355278,-0.482272,-0.370425,2
113217798473,113.2178,72.582092,-107.344284,-0.487652,-0.370425,2
113267798474,113.2678,72.544868,-107.333252,-0.493173,-0.370425,2
113317798474,113.3178,72.507637,-107.321869,-0.498515,-0.370425,2
113367798475,113.3678,72.470444,-107.310417,-0.504035,-0.370425,2
113417798476,113.4178,72.433441,-107.298615,-0.509422,-0.370425,2
113467798477,113.4678,72.396469,-107.286766,-0.514936,-0.370425,2
113517798477,113.5178,72.359482,-107.274574,-0.520284,-0.370425,2
113567798478,113.5678,72.322533,-107.262321,-0.525804,-0.370425,2
113617798479,113.6178,72.285789,-107.249702,-0.531189,-0.370425,2
113667798480,113.6678,72.249077,-107.237061,-0.536709,-0.370425,2
113717798480,113.7178,72.212364,-107.224060,-0.542055,-0.370425,2
113767798481,113.7678,72.175682,-107.210991,-0.547577,-0.370425,2
113817798482,113.8178,72.139214,-107.197586,-0.552966,-0.370425,2
113867798482,113.8678,72.102768,-107.184128,-0.558482,-0.370425,2
113917798483,113.9178,72.066330,-107.170341,-0.563834,-0.370425,2
113967798484,113.9678,72.029945,-107.156464,-0.569356,0.610865,2
114017798485,114.0178,72.018677,-107.152077,-0.570986,0.610865,2
114067798485,114.0678,72.018707,-107.152130,-0.570986,0.610865,2
114117798486,114.1178,72.018692,-107.152130,-0.570986,0.610865,2
114167798487,114.1678,72.018654,-107.152138,-0.570986,0.610865,2
114217798488,114.2178,72.018623,-107.152145,-0.570986,0.610865,2
114267798488,114.2678,72.018593,-107.152145,-0.570987,0.610865,2
114317798489,114.3178,72.016106,-107.149567,-0.570324,0.610865,2
114367798490,114.3678,72.011215,-107.143883,-0.568846,0.610865,2
114417798491,114.4178,72.003822,-107.135056,-0.566205,0.610865,2
114467798491,114.4678,71.995041,-107.124245,-0.562827,0.610865,2
114517798492,114.5178,71.984718,-107.111534,-0.559236,0.610865,2
114567798493,114.5678,71.974106,-107.098778,-0.555267,0.610865,2
114617798494,114.6178,71.963875,-107.086258,-0.551615,0.610865,2
114667798494,114.6678,71.953850,-107.074356,-0.547735,0.610865,2
114717798495,114.7178,71.944229,-107.062744,-0.544409,0.610865,2
114767798496,114.7678,71.934746,-107.051529,-0.540802,0.610865,2
114817798497,114.8178,71.921501,-107.036293,-0.536130,0.610865,2
114867798497,114.8678,71.907112,-107.019501,-0.531140,0.610865,2
114917798498,114.9178,71.890678,-107.000648,-0.525161,0.610865,2
114967798499,114.9678,71.874352,-106.981979,-0.519396,0.610865,2
115017798500,115.0178,71.858017,-106.963570,-0.513627,0.610865,2
115067798500,115.0678,71.841431,-106.945145,-0.507798,0.610865,2
115117798501,115.1178,71.824738,-106.926659,-0.502116,0.610865,2
115167798502,115.1678,71.808647,-106.909454,-0.496599,0.610865,2
115217798503,115.2178,71.790771,-106.890556,-0.491016,0.610865,2
115267798503,115.2678,71.771912,-106.870575,-0.484606,0.610865,2
115317798504,115.3178,71.752556,-106.850525,-0.477855,0.610865,2
115367798505,115.3678,71.732765,-106.829880,-0.471346,0.610865,2
115417798506,115.4178,71.711525,-106.808212,-0.464313,0.610865,2
115467798506,115.4678,71.689346,-106.785538,-0.456887,0.610865,2
115517798507,115.5178,71.665733,-106.762482,-0.449726,0.610865,2
115567798508,115.5678,71.640274,-106.737831,-0.441588,0.610865,2
115617798509,115.6178,71.611816,-106.710594,-0.432300,0.610865,2
115667798509,115.6678,71.583351,-106.683647,-0.423397,0.610865,2
115717798510,115.7178,71.555191,-106.656960,-0.414246,0.610865,2
115767798511,115.7678,71.526848,-106.630836,-0.405427,0.610865,2
115817798512,115.8178,71.498634,-106.605026,-0.396439,0.610865,2
115867798512,115.8678,71.470177,-106.579781,-0.387701,0.610865,2
115917798513,115.9178,71.441780,-106.554726,-0.378785,0.610865,2
115967798514,115.9678,71.413010,-106.530045,-0.370100,0.610865,2
116017798515,116.0178,71.384171,-106.505508,-0.361184,0.610865,2
116067798515,116.0678,71.355003,-106.481445,-0.352492,0.610865,2
116117798516,116.1178,71.325768,-106.457436,-0.343584,0.610865,2
116167798517,116.1678,71.296097,-106.433746,-0.334877,0.610865,2
116217798518,116.2178,71.266304,-106.410156,-0.325921,0.610865,2
116267798518,116.2678,71.236130,-106.387001,-0.317178,0.610865,2
116317798519,116.3178,71.205856,-106.363892,-0.308206,0.610865,2
116367798520,116.3678,71.175102,-106.341095,-0.299423,0.610865,2
116417798520,116.4178,71.144203,-106.318359,-0.290383,0.610865,2
116467798521,116.4678,71.112907,-106.296082,-0.281552,0.610865,2
116517798522,116.5178,71.081497,-106.273857,-0.272487,0.610865,2
116567798523,116.5678,71.049606,-106.251923,-0.263605,0.610865,2
116617798523,116.6178,71.017563,-106.230087,-0.254465,0.610865,2
116667798524,116.6678,70.985130,-106.208717,-0.245533,0.610865,2
116717798525,116.7178,70.952576,-106.187401,-0.236368,0.610865,2
116767798526,116.7678,70.919548,-106.166412,-0.227384,0.610865,2
116817798526,116.8178,70.886353,-106.145546,-0.218143,0.610865,2
116867798527,116.8678,70.852798,-106.125137,-0.209114,0.610865,2
116917798528,116.9178,70.819130,-106.104805,-0.199852,0.610865,2
116967798529,116.9678,70.784996,-106.084831,-0.190774,0.610865,2
117017798529,117.0178,70.750725,-106.064980,-0.181443,0.610865,2
117067798530,117.0678,70.716110,-106.045639,-0.172326,0.610865,2
117117798531,117.1178,70.681389,-106.026375,-0.162979,0.610865,2
117167798532,117.1678,70.646233,-106.007515,-0.153819,0.610865,2
117217798532,117.2178,70.610939,-105.988777,-0.144410,0.610865,2
117267798533,117.2678,70.575333,-105.970596,-0.135219,0.610865,2
117317798534,117.3178,70.539642,-105.952515,-0.125801,0.610865,2
117367798535,117.3678,70.503540,-105.934853,-0.116574,0.610865,2
117417798535,117.4178,70.467339,-105.917328,-0.107102,0.610865,2
117467798536,117.4678,70.430832,-105.900352,-0.097851,0.610865,2
117517798537,117.5178,70.394257,-105.883507,-0.088375,0.610865,2
117567798538,117.5678,70.357300,-105.867119,-0.079092,0.610865,2
117617798538,117.6178,70.320259,-105.850883,-0.069570,0.610865,2
117667798539,117.6678,70.282959,-105.835243,-0.060271,0.610865,2
117717798540,117.7178,70.245590,-105.819695,-0.050749,0.610865,2
117767798541,117.7678,70.207878,-105.804657,-0.041426,0.610865,2
117817798541,117.8178,70.170090,-105.789772,-0.031867,0.610865,2
117867798542,117.8678,70.132072,-105.775482,-0.022534,0.610865,2
117917798543,117.9178,70.094002,-105.761322,-0.012979,0.000000,3
117967798544,117.9678,70.082863,-105.757164,-0.010973,-0.610865,3
118017798544,118.0178,70.085915,-105.757332,-0.011094,-0.610865,3
118067798545,118.0678,70.105690,-105.757545,-0.010902,-0.610865,3
118117798546,118.1178,70.134148,-105.755905,-0.009184,-0.610865,3
118167798547,118.1678,70.167656,-105.751823,-0.005667,-0.610865,3
118217798547,118.2178,70.202469,-105.745300,-0.000696,-0.610865,3
118267798548,118.2678,70.238129,-105.735870,0.006371,-0.610865,3
118317798549,118.3178,70.273102,-105.724419,0.014425,-0.610865,3
118367798550,118.3678,70.309074,-105.711922,0.022987,-0.610865,3
118417798550,118.4178,70.344551,-105.699181,0.031457,-0.610865,3
118467798551,118.4678,70.380806,-105.685822,0.040175,-0.610865,3
118517798552,118.5178,70.416328,-105.672310,0.048709,-0.610865,3
118567798553,118.5678,70.452522,-105.658241,0.057472,-0.610865,3
118617798553,118.6178,70.487953,-105.644089,0.066063,-0.610865,3
118667798554,118.6678,70.523987,-105.629356,0.074859,-0.610865,3
118717798555,118.7178,70.559212,-105.614548,0.083443,-0.610865,3
118767798556,118.7678,70.595024,-105.599167,0.092242,-0.610865,3
118817798556,118.8178,70.630051,-105.583740,0.100860,-0.610865,3
118867798557,118.8678,70.665642,-105.567719,0.109679,-0.610865,3
118917798558,118.9178,70.700409,-105.551666,0.118282,0.610865,3
118967798558,118.9678,70.737022,-105.536453,0.125675,0.610865,3
119017798559,119.0178,70.775200,-105.525284,0.129616,0.610865,3
119067798560,119.0678,70.815498,-105.518730,0.129973,0.610865,3
119117798561,119.1178,70.856232,-105.515816,0.127543,0.610865,3
119167798561,119.1678,70.897003,-105.515717,0.123427,0.610865,3
119217798562,119.2178,70.936272,-105.518517,0.117897,0.610865,3
119267798563,119.2678,70.975220,-105.524086,0.110510,0.610865,3
119317798564,119.3178,71.012283,-105.531601,0.102188,0.610865,3
119367798564,119.3678,71.049751,-105.539886,0.093520,0.610865,3
119417798565,119.4178,71.086365,-105.548431,0.085064,0.610865,3
119467798566,119.4678,71.123650,-105.557449,0.076393,0.610865,3
119517798567,119.5178,71.160172,-105.566620,0.067904,0.000000,3
119567798567,119.5678,71.172150,-105.569801,0.065682,0.000000,3
119617798568,119.6178,71.172081,-105.569794,0.065683,0.000000,3
119667798569,119.6678,71.172112,-105.569794,0.065683,0.000000,4
119717798570,119.7178,71.172157,-105.569786,0.065683,-0.610865,4
119767798570,119.7678,71.172203,-105.569763,0.065683,-0.610865,4
119817798571,119.8178,71.172234,-105.569763,0.065683,-0.610865,4
119867798572,119.8678,71.168839,-105.570396,0.065381,-0.610865,4
119917798573,119.9178,71.165825,-105.571404,0.064768,-0.610865,4
119967798573,119.9678,71.163162,-105.572266,0.064316,-0.610865,4
120017798574,120.0178,71.160759,-105.573433,0.063574,-0.610865,4
120067798575,120.0678,71.158447,-105.574287,0.063147,-0.610865,4
120117798576,120.1178,71.156281,-105.575348,0.062457,-0.610865,4
120167798576,120.1678,71.154167,-105.576118,0.062075,-0.610865,4
120217798577,120.2178,71.152168,-105.577126,0.061423,-0.610865,4
120267798578,120.2678,71.150192,-105.577827,0.061072,-0.610865,4
120317798579,120.3178,71.148270,-105.578766,0.060439,-0.610865,4
120367798579,120.3678,71.146309,-105.579430,0.060093,-0.610865,4
120417798580,120.4178,71.144379,-105.580368,0.059455,-0.610865,4
120467798581,120.4678,71.142387,-105.581070,0.059100,-0.610865,4
120517798582,120.5178,71.140396,-105.582031,0.058449,-0.610865,4
120567798582,120.5678,71.138351,-105.582733,0.058081,-0.610865,4
120617798583,120.6178,71.136299,-105.583710,0.057416,-0.610865,4
120667798584,120.6678,71.134186,-105.584450,0.057033,-0.610865,4
120717798585,120.7178,71.132080,-105.585457,0.056353,-0.610865,4
120767798585,120.7678,71.129913,-105.586189,0.055955,-0.610865,4
120817798586,120.8178,71.127739,-105.587227,0.055261,-0.610865,4
120867798587,120.8678,71.125504,-105.588005,0.054849,-0.610865,4
120917798588,120.9178,71.123276,-105.589050,0.054140,-0.610865,4
120967798588,120.9678,71.120987,-105.589821,0.053715,-0.610865,4
121017798589,121.0178,71.118706,-105.590897,0.052994,-0.610865,4
121067798590,121.0678,71.116379,-105.591713,0.052556,-0.610865,4
121117798591,121.1178,71.114044,-105.592804,0.051824,-0.610865,4
121167798591,121.1678,71.111656,-105.593620,0.051375,-0.610865,4
121217798592,121.2178,71.109291,-105.594696,0.050631,-0.610865,4
121267798593,121.2678,71.106865,-105.595535,0.050171,-0.610865,4
121317798594,121.3178,71.104454,-105.596657,0.049417,-0.610865,4
121367798594,121.3678,71.101967,-105.597519,0.048942,-0.610865,4
121417798595,121.4178,71.099480,-105.598633,0.048169,-0.610865,4
121467798596,121.4678,71.096939,-105.599518,0.047679,-0.610865,4
121517798596,121.5178,71.094376,-105.600677,0.046887,-0.610865,4
121567798597,121.5678,71.091743,-105.601578,0.046375,-0.610865,4
121617798598,121.6178,71.088951,-105.602798,0.045515,-0.610865,4
121667798599,121.6678,71.080566,-105.605476,0.043666,-0.610865,4
121717798599,121.7178,71.069283,-105.609879,0.040886,-0.610865,4
121767798600,121.7678,71.057549,-105.614082,0.037967,-0.610865,4
121817798601,121.8178,71.045021,-105.618759,0.034797,-0.610865,4
121867798602,121.8678,71.031929,-105.623695,0.031248,-0.610865,4
121917798602,121.9178,71.019142,-105.628525,0.028317,-0.610865,4
121967798603,121.9678,71.006157,-105.633377,0.024819,-0.610865,4
122017798604,122.0178,70.993019,-105.638275,0.021512,-0.610865,4
122067798605,122.0678,70.980400,-105.642967,0.018545,-0.610865,4
122117798605,122.1178,70.967232,-105.647812,0.015095,-0.610865,4
122167798606,122.1678,70.953880,-105.652626,0.011789,-0.610865,4
122217798607,122.2178,70.940712,-105.657440,0.008221,-0.610865,4
122267798608,122.2678,70.927979,-105.661705,0.005066,-0.610865,4
122317798608,122.3178,70.913696,-105.666595,0.001495,-0.610865,4
122367798609,122.3678,70.898079,-105.672195,-0.002554,-0.610865,4
122417798610,122.4178,70.881889,-105.677818,-0.006628,-0.610865,4
122467798611,122.4678,70.865631,-105.683441,-0.010787,-0.610865,4
122517798611,122.5178,70.849907,-105.688583,-0.014666,-0.610865,4
122567798612,122.5678,70.834869,-105.693474,-0.018538,-0.610865,4
122617798613,122.6178,70.818787,-105.698708,-0.022545,-0.610865,4
122667798614,122.6678,70.803391,-105.703888,-0.026448,-0.610865,4
122717798614,122.7178,70.787292,-105.708656,-0.030573,-0.610865,4
122767798615,122.7678,70.769463,-105.714096,-0.034961,-0.610865,4
122817798616,122.8178,70.750954,-105.719604,-0.039464,-0.610865,4
122867798617,122.8678,70.732979,-105.724968,-0.043866,-0.610865,4
122917798617,122.9178,70.715370,-105.730270,-0.048084,-0.610865,4
122967798618,122.9678,70.698502,-105.735115,-0.052219,-0.610865,4
123017798619,123.0178,70.682106,-105.739677,-0.056135,-0.610865,4
123067798620,123.0678,70.666862,-105.744072,-0.059748,-0.610865,4
123117798620,123.1178,70.651642,-105.748077,-0.063529,-0.610865,4
123167798621,123.1678,70.636475,-105.752045,-0.067496,-0.610865,4
123217798622,123.2178,70.622284,-105.755875,-0.070619,-0.610865,4
123267798623,123.2678,70.608025,-105.759613,-0.074288,-0.610865,4
123317798623,123.3178,70.594017,-105.763397,-0.077692,-0.610865,4
123367798624,123.3678,70.581085,-105.766548,-0.080934,-0.610865,4
123417798625,123.4178,70.568436,-105.769806,-0.083836,-0.610865,4
123467798626,123.4678,70.555428,-105.772987,-0.087226,-0.610865,4
123517798626,123.5178,70.543144,-105.776031,-0.089854,-0.610865,4
123567798627,123.5678,70.530777,-105.779068,-0.093206,-0.610865,4
123617798628,123.6178,70.518799,-105.781845,-0.095980,-0.610865,4
123667798629,123.6678,70.507133,-105.784668,-0.098917,0.610865,4
123717798629,123.7178,70.495407,-105.786812,-0.100976,0.610865,4
123767798630,123.7678,70.483963,-105.787354,-0.102280,0.610865,4
123817798631,123.8178,70.470612,-105.786240,-0.102211,0.610865,4
123867798632,123.8678,70.454201,-105.783493,-0.101053,0.610865,4
123917798632,123.9178,70.437782,-105.779686,-0.099272,0.610865,4
123967798633,123.9678,70.421974,-105.774994,-0.096594,0.610865,4
124017798634,124.0178,70.405792,-105.768875,-0.093062,0.610865,4
124067798634,124.0678,70.389893,-105.762321,-0.089024,0.610865,4
124117798635,124.1178,70.374092,-105.755241,-0.085389,0.610865,4
124167798636,124.1678,70.358810,-105.748436,-0.081451,0.610865,4
124217798637,124.2178,70.339424,-105.740318,-0.076616,0.610865,4
124267798637,124.2678,70.319603,-105.731850,-0.071441,0.610865,4
124317798638,124.3178,70.300705,-105.723755,-0.066910,0.610865,4
124367798639,124.3678,70.282265,-105.716072,-0.062046,0.610865,4
124417798640,124.4178,70.264519,-105.708656,-0.057678,0.610865,4
124467798640,124.4678,70.246925,-105.701492,-0.052970,0.610865,4
124517798641,124.5178,70.230095,-105.694656,-0.048906,0.610865,4
124567798642,124.5678,70.213928,-105.688240,-0.044839,0.610865,4
124617798643,124.6178,70.197983,-105.681892,-0.040851,0.610865,4
124667798643,124.6678,70.182808,-105.676033,-0.037028,0.610865,4
124717798644,124.7178,70.167618,-105.670113,-0.033275,0.610865,4
124767798645,124.7678,70.152924,-105.664742,-0.029405,0.610865,4
124817798646,124.8178,70.138588,-105.659271,-0.025918,0.610865,4
124867798646,124.8678,70.124191,-105.653961,-0.022240,0.610865,4
124917798647,124.9178,70.110153,-105.648827,-0.018723,0.610865,4
124967798648,124.9678,70.096748,-105.643906,-0.015281,0.610865,4
125017798649,125.0178,70.083633,-105.639168,-0.012039,0.610865,4
125067798649,125.0678,70.071060,-105.634727,-0.008865,0.610865,4
125117798650,125.1178,70.058006,-105.630005,-0.005661,0.610865,4
125167798651,125.1678,70.042900,-105.625107,-0.002170,0.610865,4
125217798652,125.2178,70.026947,-105.619804,0.001783,0.610865,4
125267798652,125.2678,70.011589,-105.614502,0.005653,0.610865,4
125317798653,125.3178,69.995903,-105.609291,0.009565,0.610865,4
125367798654,125.3678,69.979752,-105.604012,0.013506,0.610865,4
125417798655,125.4178,69.963593,-105.598709,0.017447,0.610865,4
125467798655,125.4678,69.947403,-105.593414,0.021680,0.610865,4
125517798656,125.5178,69.932076,-105.588524,0.025223,0.610865,4
125567798657,125.5678,69.916496,-105.583618,0.029280,0.610865,4
125617798658,125.6178,69.899887,-105.578621,0.033207,0.610865,4
125667798658,125.6678,69.882561,-105.573433,0.037478,0.000000,4
125717798659,125.7178,69.879707,-105.572479,0.038443,0.000000,4
125767798660,125.7678,69.879730,-105.572479,0.038442,0.000000,5
125817798661,125.8178,69.879715,-105.572487,0.038442,-0.610865,5
125867798661,125.8678,69.879692,-105.572510,0.038442,-0.610865,5
125917798662,125.9178,69.879684,-105.572495,0.038436,-0.610865,5
125967798663,125.9678,69.882637,-105.571899,0.038845,-0.610865,5
126017798664,126.0178,69.887894,-105.570534,0.039706,-0.610865,5
126067798664,126.0678,69.892769,-105.568863,0.041006,-0.610865,5
126117798665,126.1178,69.897896,-105.566910,0.042109,-0.610865,5
126167798666,126.1678,69.902542,-105.565102,0.043429,-0.610865,5
126217798667,126.2178,69.907799,-105.563034,0.044659,-0.610865,5
126267798667,126.2678,69.914879,-105.560448,0.046417,-0.610865,5
126317798668,126.3178,69.922935,-105.557335,0.048857,-0.610865,5
126367798669,126.3678,69.932228,-105.553932,0.051096,-0.610865,5
126417798670,126.4178,69.942009,-105.549889,0.053506,-0.610865,5
126467798670,126.4678,69.952301,-105.545700,0.056314,-0.610865,5
126517798671,126.5178,69.962624,-105.541443,0.058987,-0.610865,5
126567798672,126.5678,69.973907,-105.536873,0.061801,-0.610865,5
126617798672,126.6178,69.985641,-105.532059,0.065051,-0.610865,5
126667798673,126.6678,69.997231,-105.527283,0.067682,-0.610865,5
126717798674,126.7178,70.010109,-105.521935,0.071247,-0.610865,5
126767798675,126.7678,70.023277,-105.516228,0.074720,-0.610865,5
126817798675,126.8178,70.037529,-105.510078,0.078495,-0.610865,5
126867798676,126.8678,70.051872,-105.503716,0.082143,-0.610865,5
126917798677,126.9178,70.067192,-105.497246,0.086016,-0.610865,5
126967798678,126.9678,70.082794,-105.490326,0.090362,-0.610865,5
127017798678,127.0178,70.098228,-105.483536,0.094032,-0.610865,5
127067798679,127.0678,70.114815,-105.476265,0.098182,-0.610865,5
127117798680,127.1178,70.131554,-105.468719,0.102850,-0.610865,5
127167798681,127.1678,70.147835,-105.461090,0.106922,-0.610865,5
127217798681,127.2178,70.164513,-105.453514,0.111428,-0.610865,5
127267798682,127.2678,70.182228,-105.445229,0.115907,-0.610865,5
127317798683,127.3178,70.200279,-105.436745,0.120512,-0.610865,5
127367798684,127.3678,70.218483,-105.428253,0.125364,-0.610865,5
127417798684,127.4178,70.237648,-105.418953,0.130221,-0.610865,5
127467798685,127.4678,70.256416,-105.409500,0.135350,-0.610865,5
127517798686,127.5178,70.275215,-105.400131,0.140221,-0.610865,5
127567798687,127.5678,70.294258,-105.390556,0.144853,-0.610865,5
127617798687,127.6178,70.314606,-105.380318,0.150041,-0.610865,5
127667798688,127.6678,70.335121,-105.369659,0.155650,-0.610865,5
127717798689,127.7178,70.356026,-105.358917,0.161214,-0.610865,5
127767798690,127.7678,70.376694,-105.347862,0.166646,-0.610865,5
127817798690,127.8178,70.398125,-105.336563,0.172432,-0.610865,5
127867798691,127.8678,70.419815,-105.324547,0.178370,-0.610865,5
127917798692,127.9178,70.441856,-105.312325,0.184240,-0.610865,5
127967798693,127.9678,70.463516,-105.300117,0.190092,-0.610865,5
128017798693,128.0178,70.486153,-105.287399,0.195985,-0.610865,5
128067798694,128.0678,70.508369,-105.274200,0.202094,-0.610865,5
128117798695,128.1178,70.531372,-105.260796,0.208007,-0.610865,5
128167798696,128.1678,70.554016,-105.247406,0.214132,0.610865,5
128217798696,128.2178,70.578262,-105.234444,0.219293,0.610865,5
128267798697,128.2678,70.604332,-105.224136,0.222233,0.610865,5
128317798698,128.3178,70.631416,-105.216988,0.222194,0.610865,5
128367798699,128.3678,70.659317,-105.212494,0.220521,0.610865,5
128417798699,128.4178,70.687386,-105.210014,0.217357,0.610865,5
128467798700,128.4678,70.715034,-105.209351,0.213350,0.610865,5
128517798701,128.5178,70.742928,-105.210663,0.207971,0.610865,5
128567798702,128.5678,70.770943,-105.213448,0.201472,0.610865,5
128617798702,128.6178,70.798996,-105.216743,0.194809,0.610865,5
128667798703,128.6678,70.827911,-105.220467,0.188058,0.610865,5
128717798704,128.7178,70.856323,-105.224190,0.181227,0.610865,5
128767798705,128.7678,70.885338,-105.228416,0.174391,0.610865,5
128817798705,128.8178,70.914467,-105.232750,0.167380,0.610865,5
128867798706,128.8678,70.944092,-105.237457,0.160425,0.610865,5
128917798707,128.9178,70.973076,-105.242401,0.153764,0.610865,5
128967798708,128.9678,71.002983,-105.247650,0.146860,0.610865,5
129017798708,129.0178,71.032295,-105.253082,0.140134,0.610865,5
129067798709,129.0678,71.062523,-105.258827,0.133143,0.610865,5
129117798710,129.1178,71.092140,-105.264725,0.126326,0.610865,5
129167798710,129.1678,71.122658,-105.270943,0.119246,0.610865,5
129217798711,129.2178,71.152573,-105.277328,0.112355,0.000000,5
129267798712,129.2678,71.161758,-105.279343,0.110643,0.000000,5
129317798713,129.3178,71.161705,-105.279335,0.110644,0.000000,5
129367798713,129.3678,71.161736,-105.279335,0.110644,0.000000,6
129417798714,129.4178,71.161774,-105.279327,0.110644,-0.610865,6
129467798715,129.4678,71.161804,-105.279305,0.110644,-0.610865,6
129517798716,129.5178,71.161835,-105.279305,0.110644,-0.610865,6
129567798716,129.5678,71.158516,-105.280075,0.110348,-0.610865,6
129617798717,129.6178,71.155594,-105.281219,0.109740,-0.610865,6
129667798718,129.6678,71.153008,-105.282196,0.109297,-0.610865,6
129717798719,129.7178,71.150703,-105.283447,0.108563,-0.610865,6
129767798719,129.7678,71.148468,-105.284386,0.108144,-0.610865,6
129817798720,129.8178,71.146385,-105.285538,0.107463,-0.610865,6
129867798721,129.8678,71.144341,-105.286385,0.107089,-0.610865,6
129917798722,129.9178,71.142426,-105.287445,0.106446,-0.610865,6
129967798722,129.9678,71.140503,-105.288223,0.106102,-0.610865,6
130017798723,130.0178,71.138664,-105.289246,0.105477,-0.610865,6
130067798724,130.0678,71.136780,-105.290001,0.105139,-0.610865,6
130117798725,130.1178,71.134918,-105.291023,0.104508,-0.610865,6
130167798725,130.1678,71.132980,-105.291779,0.104160,-0.610865,6
130217798726,130.2178,71.131065,-105.292809,0.103516,-0.610865,6
130267798727,130.2678,71.129066,-105.293610,0.103153,-0.610865,6
130317798728,130.3178,71.127083,-105.294662,0.102493,-0.610865,6
130367798728,130.3678,71.125031,-105.295479,0.102116,-0.610865,6
130417798729,130.4178,71.122978,-105.296570,0.101440,-0.610865,6
130467798730,130.4678,71.120865,-105.297409,0.101047,-0.610865,6
130517798731,130.5178,71.118767,-105.298515,0.100357,-0.610865,6
130567798731,130.5678,71.116585,-105.299385,0.099950,-0.610865,6
130617798732,130.6178,71.114426,-105.300522,0.099245,-0.610865,6
130667798733,130.6678,71.112183,-105.301407,0.098824,-0.610865,6
130717798734,130.7178,71.109970,-105.302559,0.098107,-0.610865,6
130767798734,130.7678,71.107681,-105.303474,0.097672,-0.610865,6
130817798735,130.8178,71.105415,-105.304657,0.096942,-0.610865,6
130867798736,130.8678,71.103081,-105.305573,0.096497,-0.610865,6
130917798737,130.9178,71.100777,-105.306763,0.095756,-0.610865,6
130967798737,130.9678,71.098404,-105.307701,0.095299,-0.610865,6
131017798738,131.0178,71.096046,-105.308922,0.094547,-0.610865,6
131067798739,131.0678,71.093620,-105.309883,0.094077,-0.610865,6
131117798740,131.1178,71.091217,-105.311111,0.093310,-0.610865,6
131167798740,131.1678,71.088722,-105.312096,0.092823,-0.610865,6
131217798741,131.2178,71.086235,-105.313354,0.092035,-0.610865,6
131267798742,131.2678,71.083672,-105.314369,0.091528,-0.610865,6
131317798743,131.3178,71.081123,-105.315659,0.090726,-0.610865,6
131367798743,131.3678,71.078346,-105.316757,0.090124,-0.610865,6
131417798744,131.4178,71.070793,-105.319893,0.087828,-0.610865,6
131467798745,131.4678,71.061745,-105.323853,0.085544,-0.610865,6
131517798746,131.5178,71.053070,-105.327644,0.083324,-0.610865,6
131567798746,131.5678,71.044487,-105.331383,0.081121,-0.610865,6
131617798747,131.6178,71.036316,-105.334908,0.079011,-0.610865,6
131667798748,131.6678,71.027443,-105.338638,0.076708,-0.610865,6
131717798748,131.7178,71.019096,-105.342232,0.074785,-0.610865,6
131767798749,131.7678,71.010864,-105.345734,0.072407,-0.610865,6
131817798750,131.8178,71.000328,-105.350174,0.069531,-0.610865,6
131867798751,131.8678,70.990250,-105.354538,0.067242,-0.610865,6
131917798751,131.9178,70.980461,-105.358452,0.064503,-0.610865,6
131967798752,131.9678,70.971275,-105.362312,0.062455,-0.610865,6
132017798753,132.0178,70.962006,-105.366035,0.059779,-0.610865,6
132067798754,132.0678,70.952774,-105.369911,0.057725,-0.610865,6
132117798754,132.1178,70.943977,-105.373428,0.055301,-0.610865,6
132167798755,132.1678,70.934113,-105.377357,0.053013,-0.610865,6
132217798756,132.2178,70.922897,-105.381638,0.050102,-0.610865,6
132267798757,132.2678,70.910309,-105.386490,0.047166,-0.610865,6
132317798757,132.3178,70.896263,-105.392159,0.043379,-0.610865,6
132367798758,132.3678,70.881454,-105.397888,0.039813,-0.610865,6
132417798759,132.4178,70.867043,-105.403412,0.035999,-0.610865,6
132467798760,132.4678,70.852814,-105.408875,0.032531,-0.610865,6
132517798760,132.5178,70.837807,-105.414597,0.028756,-0.610865,6
132567798761,132.5678,70.824089,-105.419617,0.025581,-0.610865,6
132617798762,132.6178,70.810600,-105.424599,0.022069,-0.610865,6
132667798763,132.6678,70.797081,-105.429718,0.018708,-0.610865,6
132717798763,132.7178,70.784378,-105.434372,0.015704,-0.610865,6
132767798764,132.7678,70.771431,-105.438904,0.012375,-0.610865,6
132817798765,132.8178,70.759232,-105.443512,0.009237,-0.610865,6
132867798766,132.8678,70.747078,-105.447739,0.006334,-0.610865,6
132917798766,132.9178,70.735558,-105.451981,0.003391,-0.610865,6
132967798767,132.9678,70.724243,-105.455887,0.000554,-0.610865,6
133017798768,133.0178,70.712761,-105.459923,-0.002454,-0.610865,6
133067798769,133.0678,70.699905,-105.464340,-0.005495,-0.610865,6
133117798769,133.1178,70.686028,-105.468903,-0.008789,-0.610865,6
133167798770,133.1678,70.672371,-105.473526,-0.012508,-0.610865,6
133217798771,133.2178,70.656570,-105.478722,-0.016400,-0.610865,6
133267798772,133.2678,70.640045,-105.484009,-0.020422,-0.610865,6
133317798772,133.3178,70.623581,-105.489410,-0.024654,-0.610865,6
133367798773,133.3678,70.607246,-105.494499,-0.028660,-0.610865,6
133417798774,133.4178,70.591545,-105.499550,-0.032634,-0.610865,6
133467798775,133.4678,70.575966,-105.504379,-0.036352,-0.610865,6
133517798775,133.5178,70.560265,-105.509193,-0.040455,-0.610865,6
133567798776,133.5678,70.543579,-105.514008,-0.044140,-0.610865,6
133617798777,133.6178,70.527679,-105.518623,-0.047672,-0.610865,6
133667798778,133.6678,70.512032,-105.523033,-0.051405,-0.610865,6
133717798778,133.7178,70.496155,-105.527740,-0.055161,0.610865,6
133767798779,133.7678,70.479683,-105.531303,-0.058593,0.610865,6
133817798780,133.8178,70.463203,-105.532974,-0.060000,0.610865,6
133867798781,133.8678,70.447021,-105.532478,-0.060196,0.610865,6
133917798781,133.9178,70.431702,-105.530624,-0.059223,0.610865,6
133967798782,133.9678,70.416588,-105.527664,-0.057767,0.610865,6
134017798783,134.0178,70.402939,-105.523964,-0.055518,0.610865,6
134067798784,134.0678,70.384933,-105.517975,-0.051767,0.610865,6
134117798784,134.1178,70.367691,-105.511345,-0.047394,0.610865,6
134167798785,134.1678,70.350845,-105.504745,-0.043160,0.610865,6
134217798786,134.2178,70.334343,-105.498375,-0.038958,0.610865,6
134267798786,134.2678,70.318130,-105.492065,-0.034896,0.610865,6
134317798787,134.3178,70.302727,-105.486221,-0.031053,0.610865,6
134367798788,134.3678,70.286858,-105.480209,-0.026897,0.610865,6
134417798789,134.4178,70.270943,-105.474243,-0.022941,0.610865,6
134467798789,134.4678,70.254326,-105.468201,-0.018847,0.610865,6
134517798790,134.5178,70.238487,-105.462563,-0.014929,0.610865,6
134567798791,134.5678,70.222946,-105.457047,-0.010876,0.610865,6
134617798792,134.6178,70.208054,-105.451782,-0.007305,0.610865,6
134667798792,134.6678,70.193176,-105.446564,-0.003450,0.610865,6
134717798793,134.7178,70.178658,-105.441452,0.000048,0.610865,6
134767798794,134.7678,70.164726,-105.436752,0.003576,0.000000,6
134817798795,134.8178,70.163292,-105.436317,0.003711,0.000000,6
134867798795,134.8678,70.163307,-105.436310,0.003711,0.000000,7
134917798796,134.9178,70.163292,-105.436317,0.003711,-0.610865,7
134967798797,134.9678,70.163269,-105.436317,0.003711,-0.610865,7
135017798798,135.0178,70.163261,-105.436310,0.003706,-0.610865,7
135067798798,135.0678,70.166061,-105.435837,0.004038,-0.610865,7
135117798799,135.1178,70.169304,-105.435097,0.004544,-0.610865,7
135167798800,135.1678,70.174553,-105.433784,0.005847,-0.610865,7
135217798801,135.2178,70.179741,-105.431938,0.007004,-0.610865,7
135267798801,135.2678,70.186646,-105.429695,0.008778,-0.610865,7
135317798802,135.3178,70.194397,-105.427109,0.010538,-0.610865,7
135367798803,135.3678,70.203285,-105.424141,0.012874,-0.610865,7
135417798804,135.4178,70.212799,-105.420700,0.015147,-0.610865,7
135467798804,135.4678,70.222618,-105.417397,0.017795,-0.610865,7
135517798805,135.5178,70.233063,-105.413536,0.020395,-0.610865,7
135567798806,135.5678,70.243530,-105.409805,0.023070,-0.610865,7
135617798807,135.6178,70.255219,-105.405502,0.026106,-0.610865,7
135667798807,135.6678,70.266846,-105.401314,0.028946,-0.610865,7
135717798808,135.7178,70.279221,-105.396629,0.031931,-0.610865,7
135767798809,135.7678,70.291840,-105.391808,0.035157,-0.610865,7
135817798810,135.8178,70.305679,-105.386726,0.038660,-0.610865,7
135867798810,135.8678,70.320114,-105.381256,0.042225,-0.610865,7
135917798811,135.9178,70.334885,-105.375534,0.045904,-0.610865,7
135967798812,135.9678,70.349937,-105.369568,0.049705,-0.610865,7
136017798813,136.0178,70.365723,-105.363289,0.053591,-0.610865,7
136067798813,136.0678,70.381264,-105.356880,0.057752,-0.610865,7
136117798814,136.1178,70.398178,-105.349945,0.062309,-0.610865,7
136167798815,136.1678,70.414627,-105.343018,0.066558,-0.610865,7
136217798816,136.2178,70.432449,-105.335800,0.070995,-0.610865,7
136267798816,136.2678,70.450813,-105.328178,0.075770,-0.610865,7
136317798817,136.3178,70.468742,-105.320534,0.080428,-0.610865,7
136367798818,136.3678,70.487373,-105.312653,0.085325,-0.610865,7
136417798819,136.4178,70.505608,-105.304581,0.090098,-0.610865,7
136467798819,136.4678,70.523430,-105.296646,0.094566,-0.610865,7
136517798820,136.5178,70.541672,-105.288467,0.099234,-0.610865,7
136567798821,136.5678,70.561035,-105.279816,0.104265,-0.610865,7
136617798822,136.6178,70.580841,-105.270721,0.109365,-0.610865,7
136667798822,136.6678,70.601570,-105.261162,0.114637,-0.610865,7
136717798823,136.7178,70.621780,-105.251305,0.119752,-0.610865,7
136767798824,136.7678,70.642830,-105.241531,0.124928,-0.610865,7
136817798824,136.8178,70.664047,-105.230972,0.130457,-0.610865,7
136867798825,136.8678,70.685257,-105.220673,0.135961,0.610865,7
136917798826,136.9178,70.707970,-105.210762,0.140732,0.610865,7
136967798827,136.9678,70.732666,-105.203178,0.143262,0.610865,7
137017798827,137.0178,70.758499,-105.198776,0.143303,0.610865,7
137067798828,137.0678,70.785133,-105.196686,0.141927,0.610865,7
137117798829,137.1178,70.810669,-105.196373,0.139127,0.610865,7
137167798830,137.1678,70.837013,-105.197899,0.135105,0.610865,7
137217798830,137.2178,70.861984,-105.201202,0.130321,0.610865,7
137267798831,137.2678,70.887207,-105.205894,0.124451,0.610865,7
137317798832,137.3178,70.912651,-105.210907,0.118357,0.610865,7
137367798833,137.3678,70.938408,-105.216286,0.112353,0.610865,7
137417798833,137.4178,70.964806,-105.221939,0.105949,0.610865,7
137467798834,137.4678,70.991692,-105.227997,0.099753,0.610865,7
137517798835,137.5178,71.018379,-105.234177,0.093352,0.610865,7
137567798836,137.5678,71.045464,-105.240410,0.086675,0.610865,7
137617798836,137.6178,71.073296,-105.247154,0.080372,0.610865,7
137667798837,137.6678,71.101158,-105.254059,0.073638,0.610865,7
137717798838,137.7178,71.129639,-105.261314,0.066777,0.610865,7
137767798839,137.7678,71.158844,-105.268944,0.059994,0.000000,7
137817798839,137.8178,71.164963,-105.270302,0.058504,0.000000,7
137867798840,137.8678,71.164917,-105.270302,0.058505,0.000000,7
137917798841,137.9178,71.164948,-105.270302,0.058505,0.000000,8
137967798842,137.9678,71.164978,-105.270294,0.058505,-0.610865,8
138017798842,138.0178,71.165009,-105.270271,0.058505,-0.610865,8
138067798843,138.0678,71.165031,-105.270279,0.058505,-0.610865,8
138117798844,138.1178,71.161705,-105.270874,0.058212,-0.610865,8
138167798845,138.1678,71.158760,-105.271835,0.057609,-0.610865,8
138217798845,138.2178,71.156158,-105.272652,0.057171,-0.610865,8
138267798846,138.2678,71.153801,-105.273773,0.056443,-0.610865,8
138317798847,138.3178,71.151535,-105.274590,0.056028,-0.610865,8
138367798848,138.3678,71.149414,-105.275612,0.055352,-0.610865,8
138417798848,138.4178,71.147354,-105.276352,0.054983,-0.610865,8
138467798849,138.4678,71.145393,-105.277321,0.054344,-0.610865,8
138517798850,138.5178,71.143456,-105.277977,0.054006,-0.610865,8
138567798851,138.5678,71.141579,-105.278900,0.053385,-0.610865,8
138617798851,138.6178,71.139671,-105.279572,0.053051,-0.610865,8
138667798852,138.6678,71.137772,-105.280487,0.052424,-0.610865,8
138717798853,138.7178,71.135818,-105.281143,0.052080,-0.610865,8
138767798854,138.7678,71.133865,-105.282066,0.051439,-0.610865,8
138817798854,138.8178,71.131844,-105.282745,0.051080,-0.610865,8
138867798855,138.8678,71.129822,-105.283707,0.050424,-0.610865,8
138917798856,138.9178,71.127739,-105.284401,0.050049,-0.610865,8
138967798857,138.9678,71.125641,-105.285370,0.049378,-0.610865,8
139017798857,139.0178,71.123497,-105.286102,0.048987,-0.610865,8
139067798858,139.0678,71.121346,-105.287109,0.048300,-0.610865,8
139117798859,139.1178,71.119133,-105.287842,0.047894,-0.610865,8
139167798859,139.1678,71.116920,-105.288857,0.047192,-0.610865,8
139217798860,139.2178,71.114647,-105.289627,0.046773,-0.610865,8
139267798861,139.2678,71.112381,-105.290672,0.046057,-0.610865,8
139317798862,139.3178,71.110062,-105.291443,0.045624,-0.610865,8
139367798862,139.3678,71.107750,-105.292480,0.044897,-0.610865,8
139417798863,139.4178,71.105377,-105.293297,0.044452,-0.610865,8
139467798864,139.4678,71.103012,-105.294373,0.043713,-0.610865,8
139517798865,139.5178,71.100601,-105.295181,0.043257,-0.610865,8
139567798865,139.5678,71.098198,-105.296265,0.042507,-0.610865,8
139617798866,139.6178,71.095734,-105.297089,0.042040,-0.610865,8
139667798867,139.6678,71.093277,-105.298187,0.041275,-0.610865,8
139717798868,139.7178,71.090752,-105.299049,0.040788,-0.610865,8
139767798868,139.7678,71.088234,-105.300163,0.040010,-0.610865,8
139817798869,139.8178,71.085609,-105.301033,0.039495,-0.610865,8
139867798870,139.8678,71.082924,-105.302223,0.038673,-0.610865,8
139917798871,139.9178,71.080238,-105.303123,0.038152,-0.610865,8
139967798871,139.9678,71.077408,-105.304321,0.037271,-0.610865,8
140017798872,140.0178,71.072861,-105.305962,0.036140,-0.610865,8
140067798873,140.0678,71.064995,-105.308708,0.033999,-0.610865,8
140117798874,140.1178,71.054977,-105.312416,0.031566,-0.610865,8
140167798874,140.1678,71.043732,-105.316612,0.028726,-0.610865,8
140217798875,140.2178,71.031029,-105.321083,0.025560,-0.610865,8
140267798876,140.2678,71.018303,-105.325874,0.022390,-0.610865,8
140317798877,140.3178,71.001892,-105.331718,0.018510,-0.610865,8
140367798877,140.3678,70.983864,-105.338104,0.013785,-0.610865,8
140417798878,140.4178,70.965820,-105.344490,0.009166,-0.610865,8
140467798879,140.4678,70.948502,-105.350395,0.004850,-0.610865,8
140517798880,140.5178,70.929459,-105.356842,0.000388,-0.610865,8
140567798880,140.5678,70.910637,-105.363213,-0.004471,-0.610865,8
140617798881,140.6178,70.892227,-105.369499,-0.008796,-0.610865,8
140667798882,140.6678,70.874496,-105.375137,-0.013258,-0.610865,8
140717798883,140.7178,70.856972,-105.380974,-0.017395,-0.610865,8
140767798883,140.7678,70.840263,-105.386230,-0.021625,-0.610865,8
140817798884,140.8178,70.824074,-105.391441,-0.025483,-0.610865,8
140867798885,140.8678,70.808136,-105.396393,-0.029565,-0.610865,8
140917798886,140.9178,70.792809,-105.401215,-0.033233,-0.610865,8
140967798886,140.9678,70.777596,-105.405838,-0.037076,-0.610865,8
141017798887,141.0178,70.762634,-105.410400,-0.040639,-0.610865,8
141067798888,141.0678,70.748459,-105.414619,-0.044158,-0.610865,8
141117798889,141.1178,70.734619,-105.418732,-0.047379,-0.610865,8
141167798889,141.1678,70.721001,-105.422699,-0.050796,-0.610865,8
141217798890,141.2178,70.707924,-105.426521,-0.053959,-0.610865,8
141267798891,141.2678,70.694084,-105.430351,-0.057537,-0.610865,8
141317798892,141.3178,70.680191,-105.434174,-0.060857,-0.610865,8
141367798892,141.3678,70.664742,-105.438454,-0.064646,-0.610865,8
141417798893,141.4178,70.648018,-105.443008,-0.068536,-0.610865,8
141467798894,141.4678,70.630394,-105.447685,-0.072869,-0.610865,8
141517798895,141.5178,70.613106,-105.452377,-0.077140,-0.610865,8
141567798895,141.5678,70.595329,-105.456947,-0.081541,-0.610865,8
141617798896,141.6178,70.577766,-105.461319,-0.085860,-0.610865,8
141667798897,141.6678,70.560883,-105.465492,-0.089649,-0.610865,8
141717798897,141.7178,70.544342,-105.469452,-0.093761,-0.610865,8
141767798898,141.7678,70.527649,-105.473473,-0.097646,-0.610865,8
141817798899,141.8178,70.510895,-105.477570,-0.101933,-0.610865,8
141867798900,141.8678,70.493996,-105.481651,-0.106023,0.610865,8
141917798900,141.9178,70.474243,-105.484917,-0.109810,0.610865,8
141967798901,141.9678,70.454758,-105.485954,-0.111790,0.610865,8
142017798902,142.0178,70.436005,-105.484207,-0.111970,0.610865,8
142067798903,142.0678,70.415176,-105.480659,-0.110611,0.610865,8
142117798903,142.1178,70.396843,-105.476303,-0.108663,0.610865,8
142167798904,142.1678,70.379326,-105.470894,-0.105973,0.610865,8
142217798905,142.2178,70.362854,-105.464371,-0.102617,0.610865,8
142267798906,142.2678,70.347740,-105.457764,-0.098791,0.610865,8
142317798906,142.3178,70.333076,-105.451073,-0.095131,0.610865,8
142367798907,142.3678,70.318619,-105.444580,-0.091195,0.610865,8
142417798908,142.4178,70.304436,-105.438202,-0.087863,0.610865,8
142467798909,142.4678,70.290337,-105.431992,-0.083989,0.610865,8
142517798909,142.5178,70.276802,-105.426010,-0.080812,0.610865,8
142567798910,142.5678,70.262985,-105.419998,-0.077015,0.610865,8
142617798911,142.6178,70.248413,-105.413849,-0.073270,0.610865,8
142667798912,142.6678,70.233368,-105.407516,-0.069592,0.610865,8
142717798912,142.7178,70.218750,-105.401085,-0.065752,0.610865,8
142767798913,142.7678,70.203773,-105.394745,-0.062114,0.610865,8
142817798914,142.8178,70.189407,-105.388687,-0.058222,0.610865,8
142867798915,142.8678,70.173233,-105.382309,-0.054243,0.610865,8
142917798915,142.9178,70.155540,-105.375381,-0.049635,0.610865,8
142967798916,142.9678,70.138527,-105.368813,-0.045308,0.610865,8
143017798917,143.0178,70.119751,-105.361610,-0.040632,0.610865,8
143067798918,143.0678,70.100647,-105.354126,-0.035779,0.610865,8
143117798918,143.1178,70.082047,-105.346886,-0.031190,0.610865,8
143167798919,143.1678,70.064056,-105.340279,-0.026855,0.610865,8
143217798920,143.2178,70.046783,-105.333649,-0.022520,0.610865,8
143267798921,143.2678,70.027878,-105.326752,-0.017937,0.610865,8
143317798921,143.3178,70.007912,-105.319542,-0.012915,0.610865,8
143367798922,143.3678,69.986679,-105.312088,-0.007877,0.610865,8
143417798923,143.4178,69.966484,-105.304810,-0.002680,0.610865,8
143467798924,143.4678,69.946007,-105.297646,0.002124,0.610865,8
143517798924,143.5178,69.926804,-105.291092,0.006563,0.610865,8
143567798925,143.5678,69.906914,-105.284508,0.011352,0.610865,8
143617798926,143.6178,69.887184,-105.278191,0.016288,0.610865,8
143667798927,143.6678,69.867920,-105.271812,0.020883,0.000000,8
143717798927,143.7178,69.865471,-105.270958,0.021867,0.000000,8
143767798928,143.7678,69.865494,-105.270943,0.021867,0.000000,9
143817798929,143.8178,69.865471,-105.270958,0.021867,-0.610865,9
143867798930,143.8678,69.865448,-105.270973,0.021866,-0.610865,9
143917798930,143.9178,69.865440,-105.270973,0.021860,-0.610865,9
143967798931,143.9678,69.868546,-105.270416,0.022434,-0.610865,9
144017798932,144.0178,69.871651,-105.269539,0.023222,-0.610865,9
144067798933,144.0678,69.876717,-105.267906,0.024148,-0.610865,9
144117798933,144.1178,69.882584,-105.265709,0.025676,-0.610865,9
144167798934,144.1678,69.888153,-105.263573,0.027123,-0.610865,9
144217798935,144.2178,69.895966,-105.260849,0.028991,-0.610865,9
144267798935,144.2678,69.904297,-105.257729,0.031114,-0.610865,9
144317798936,144.3178,69.912712,-105.254677,0.033196,-0.610865,9
144367798937,144.3678,69.921806,-105.251083,0.035580,-0.610865,9
144417798938,144.4178,69.931686,-105.247246,0.038120,-0.610865,9
144467798938,144.4678,69.942833,-105.243095,0.040669,-0.610865,9
144517798939,144.5178,69.953629,-105.238770,0.043437,-0.610865,9
144567798940,144.5678,69.965439,-105.234177,0.046640,-0.610865,9
144617798941,144.6178,69.976189,-105.229843,0.049150,-0.610865,9
144667798941,144.6678,69.988747,-105.225082,0.052621,-0.610865,9
144717798942,144.7178,70.002678,-105.219513,0.056250,-0.610865,9
144767798943,144.7678,70.016640,-105.213768,0.059967,-0.610865,9
144817798944,144.8178,70.030113,-105.208145,0.063350,-0.610865,9
144867798944,144.8678,70.043694,-105.202644,0.066956,-0.610865,9
144917798945,144.9178,70.058533,-105.196564,0.070615,-0.610865,9
144967798946,144.9678,70.073624,-105.190186,0.074650,-0.610865,9
145017798947,145.0178,70.090187,-105.183075,0.078765,-0.610865,9
145067798947,145.0678,70.106735,-105.175858,0.082971,-0.610865,9
145117798948,145.1178,70.123009,-105.168686,0.087309,-0.610865,9
145167798949,145.1678,70.140144,-105.161377,0.091676,-0.610865,9
145217798950,145.2178,70.157715,-105.153503,0.096293,-0.610865,9
145267798950,145.2678,70.174896,-105.145790,0.100660,-0.610865,9
145317798951,145.3178,70.193024,-105.137611,0.105186,-0.610865,9
145367798952,145.3678,70.212082,-105.128906,0.110181,-0.610865,9
145417798953,145.4178,70.230904,-105.120018,0.115170,-0.610865,9
145467798953,145.4678,70.249924,-105.111000,0.120149,-0.610865,9
145517798954,145.5178,70.268486,-105.102097,0.125096,-0.610865,9
145567798955,145.5678,70.287773,-105.092735,0.130192,-0.610865,9
145617798956,145.6178,70.307930,-105.082840,0.135374,-0.610865,9
145667798956,145.6678,70.328613,-105.072578,0.140566,-0.610865,9
145717798957,145.7178,70.349174,-105.062080,0.145917,-0.610865,9
145767798958,145.7678,70.369942,-105.051483,0.151298,-0.610865,9
145817798959,145.8178,70.390656,-105.040527,0.156823,-0.610865,9
145867798959,145.8678,70.411980,-105.029442,0.162246,-0.610865,9
145917798960,145.9178,70.433342,-105.018066,0.167963,-0.610865,9
145967798961,145.9678,70.455917,-105.006042,0.174100,-0.610865,9
146017798962,146.0178,70.477707,-104.994072,0.179723,-0.610865,9
146067798962,146.0678,70.499207,-104.982048,0.185481,-0.610865,9
146117798963,146.1178,70.520943,-104.969780,0.191120,-0.610865,9
146167798964,146.1678,70.543289,-104.957222,0.197378,0.610865,9
146217798965,146.2178,70.567863,-104.944725,0.202833,0.610865,9
146267798965,146.2678,70.594055,-104.934868,0.205864,0.610865,9
146317798966,146.3178,70.621758,-104.928207,0.205978,0.610865,9
146367798967,146.3678,70.649475,-104.924248,0.204502,0.610865,9
146417798968,146.4178,70.677200,-104.922173,0.201689,0.610865,9
146467798968,146.4678,70.704590,-104.922165,0.197463,0.610865,9
146517798969,146.5178,70.732719,-104.924126,0.191871,0.610865,9
146567798970,146.5678,70.760445,-104.927338,0.185404,0.610865,9
146617798971,146.6178,70.788673,-104.931168,0.178860,0.610865,9
146667798971,146.6678,70.817184,-104.935318,0.172095,0.610865,9
146717798972,146.7178,70.846283,-104.939781,0.165327,0.610865,9
146767798973,146.7678,70.875053,-104.944443,0.158344,0.610865,9
146817798973,146.8178,70.903763,-104.949326,0.151932,0.610865,9
146867798974,146.8678,70.932487,-104.954308,0.145044,0.610865,9
146917798975,146.9178,70.961464,-104.959587,0.138187,0.610865,9
146967798976,146.9678,70.990402,-104.964981,0.131259,0.610865,9
147017798976,147.0178,71.019379,-104.970718,0.124551,0.610865,9
147067798977,147.0678,71.048744,-104.976562,0.117831,0.610865,9
147117798978,147.1178,71.077438,-104.982635,0.111329,0.610865,9
147167798979,147.1678,71.107079,-104.989128,0.104439,0.610865,9
147217798979,147.2178,71.136169,-104.995781,0.097714,0.000000,9
147267798980,147.2678,71.144928,-104.997841,0.096083,0.000000,9
147317798981,147.3178,71.144875,-104.997841,0.096084,0.000000,9
147367798982,147.3678,71.144897,-104.997833,0.096084,0.000000,10
147417798982,147.4178,71.144936,-104.997818,0.096084,-0.610865,10
147467798983,147.4678,71.144966,-104.997810,0.096084,-0.610865,10
147517798984,147.5178,71.144997,-104.997810,0.096084,-0.610865,10
147567798985,147.5678,71.141670,-104.998535,0.095787,-0.610865,10
147617798985,147.6178,71.138725,-104.999619,0.095180,-0.610865,10
147667798986,147.6678,71.136139,-105.000565,0.094737,-0.610865,10
147717798987,147.7178,71.133804,-105.001793,0.094004,-0.610865,10
147767798988,147.7678,71.131554,-105.002693,0.093585,-0.610865,10
147817798988,147.8178,71.129456,-105.003815,0.092903,-0.610865,10
147867798989,147.8678,71.127403,-105.004639,0.092529,-0.610865,10
147917798990,147.9178,71.125450,-105.005669,0.091886,-0.610865,10
147967798991,147.9678,71.123520,-105.006432,0.091543,-0.610865,10
148017798991,148.0178,71.121666,-105.007408,0.090918,-0.610865,10
148067798992,148.0678,71.119766,-105.008125,0.090579,-0.610865,10
148117798993,148.1178,71.117889,-105.009102,0.089948,-0.610865,10
148167798994,148.1678,71.115944,-105.009842,0.089600,-0.610865,10
148217798994,148.2178,71.114014,-105.010857,0.088955,-0.610865,10
148267798995,148.2678,71.112007,-105.011612,0.088593,-0.610865,10
148317798996,148.3178,71.110008,-105.012657,0.087933,-0.610865,10
148367798997,148.3678,71.107941,-105.013443,0.087555,-0.610865,10
148417798997,148.4178,71.105881,-105.014496,0.086880,-0.610865,10
148467798998,148.4678,71.103745,-105.015297,0.086487,-0.610865,10
148517798999,148.5178,71.101616,-105.016396,0.085798,-0.610865,10
148567799000,148.5678,71.099426,-105.017227,0.085390,-0.610865,10
148617799000,148.6178,71.097244,-105.018318,0.084685,-0.610865,10
148667799001,148.6678,71.095001,-105.019180,0.084264,-0.610865,10
148717799002,148.7178,71.092766,-105.020309,0.083547,-0.610865,10
148767799003,148.7678,71.090462,-105.021179,0.083112,-0.610865,10
148817799003,148.8178,71.088188,-105.022308,0.082382,-0.610865,10
148867799004,148.8678,71.085838,-105.023209,0.081936,-0.610865,10
148917799005,148.9178,71.083511,-105.024391,0.081195,-0.610865,10
148967799006,148.9678,71.081123,-105.025299,0.080737,-0.610865,10
149017799006,149.0178,71.078758,-105.026474,0.079986,-0.610865,10
149067799007,149.0678,71.076324,-105.027382,0.079517,-0.610865,10
149117799008,149.1178,71.073898,-105.028595,0.078749,-0.610865,10
149167799009,149.1678,71.071404,-105.029541,0.078262,-0.610865,10
149217799009,149.2178,71.068893,-105.030746,0.077473,-0.610865,10
149267799010,149.2678,71.065956,-105.031944,0.076875,-0.610865,10
149317799011,149.3178,71.057793,-105.034927,0.074783,-0.610865,10
149367799011,149.3678,71.046387,-105.039452,0.072251,-0.610865,10
149417799012,149.4178,71.035690,-105.043793,0.069305,-0.610865,10
149467799013,149.4678,71.025581,-105.048111,0.066933,-0.610865,10
149517799014,149.5178,71.014977,-105.052475,0.064050,-0.610865,10
149567799014,149.5678,71.004845,-105.056686,0.061705,-0.610865,10
149617799015,149.6178,70.995163,-105.060486,0.059106,-0.610865,10
149667799016,149.6678,70.985527,-105.064537,0.056720,-0.610865,10
149717799017,149.7178,70.976372,-105.068207,0.054360,-0.610865,10
149767799017,149.7678,70.965530,-105.072403,0.051736,-0.610865,10
149817799018,149.8178,70.954712,-105.076424,0.049177,-0.610865,10
149867799019,149.8678,70.942703,-105.081169,0.045886,-0.610865,10
149917799020,149.9178,70.931068,-105.085655,0.043082,-0.610865,10
149967799020,149.9678,70.919701,-105.090225,0.040069,-0.610865,10
150017799021,150.0178,70.909233,-105.094246,0.037649,-0.610865,10
150067799022,150.0678,70.897453,-105.098915,0.034380,-0.610865,10
150117799023,150.1178,70.883583,-105.104164,0.030877,-0.610865,10
150167799023,150.1678,70.868675,-105.109734,0.027320,-0.610865,10
150217799024,150.2178,70.852028,-105.115494,0.022952,-0.610865,10
150267799025,150.2678,70.835793,-105.121445,0.018924,-0.610865,10
150317799026,150.3178,70.820068,-105.126999,0.015014,-0.610865,10
150367799026,150.3678,70.802773,-105.133064,0.011081,-0.610865,10
150417799027,150.4178,70.784538,-105.139351,0.006420,-0.610865,10
150467799028,150.4678,70.765778,-105.146080,0.001692,-0.610865,10
150517799029,150.5178,70.747055,-105.152382,-0.002967,-0.610865,10
150567799029,150.5678,70.728874,-105.158653,-0.007679,-0.610865,10
150617799030,150.6178,70.711342,-105.164314,-0.012003,-0.610865,10
150667799031,150.6678,70.693817,-105.170044,-0.016474,-0.610865,10
150717799032,150.7178,70.674126,-105.176239,-0.021277,-0.610865,10
150767799032,150.7678,70.655151,-105.182304,-0.025952,-0.610865,10
150817799033,150.8178,70.636673,-105.188057,-0.030454,-0.610865,10
150867799034,150.8678,70.618912,-105.193535,-0.034733,-0.610865,10
150917799035,150.9178,70.601486,-105.198868,-0.038970,-0.610865,10
150967799035,150.9678,70.584465,-105.203751,-0.043223,-0.610865,10
151017799036,151.0178,70.567802,-105.208710,-0.047185,-0.610865,10
151067799037,151.0678,70.551529,-105.213554,-0.051188,-0.610865,10
151117799038,151.1178,70.535904,-105.218063,-0.054961,-0.610865,10
151167799038,151.1678,70.518707,-105.222778,-0.059400,-0.610865,10
151217799039,151.2178,70.501884,-105.227310,-0.063299,-0.610865,10
151267799040,151.2678,70.485237,-105.231812,-0.067483,0.610865,10
151317799041,151.3178,70.468483,-105.235527,-0.070654,0.610865,10
151367799041,151.3678,70.452232,-105.237076,-0.072313,0.610865,10
151417799042,151.4178,70.435059,-105.236366,-0.072152,0.610865,10
151467799043,151.4678,70.418564,-105.234062,-0.071262,0.610865,10
151517799044,151.5178,70.402824,-105.230972,-0.069428,0.610865,10
151567799044,151.5678,70.387802,-105.226784,-0.067165,0.610865,10
151617799045,151.6178,70.373825,-105.221977,-0.064031,0.610865,10
151667799046,151.6678,70.361092,-105.216873,-0.060960,0.610865,10
151717799047,151.7178,70.348091,-105.211609,-0.057358,0.610865,10
151767799047,151.7678,70.335480,-105.206413,-0.054147,0.610865,10
151817799048,151.8178,70.323639,-105.201675,-0.051251,0.610865,10
151867799049,151.8678,70.311363,-105.196815,-0.048110,0.610865,10
151917799049,151.9178,70.299591,-105.191879,-0.045048,0.610865,10
151967799050,151.9678,70.287819,-105.187187,-0.042149,0.610865,10
152017799051,152.0178,70.272354,-105.181534,-0.038296,0.610865,10
152067799052,152.0678,70.256363,-105.175568,-0.034170,0.610865,10
152117799052,152.1178,70.240410,-105.169373,-0.030024,0.610865,10
152167799053,152.1678,70.224617,-105.163452,-0.026225,0.610865,10
152217799054,152.2178,70.208961,-105.157524,-0.022361,0.610865,10
152267799055,152.2678,70.192635,-105.152077,-0.018582,0.610865,10
152317799055,152.3178,70.175919,-105.145981,-0.014261,0.610865,10
152367799056,152.3678,70.159760,-105.140312,-0.010357,0.610865,10
152417799057,152.4178,70.142754,-105.134346,-0.005889,0.610865,10
152467799058,152.4678,70.125481,-105.128242,-0.001644,0.610865,10
152517799058,152.5178,70.123512,-105.127968,-0.001135,0.000000,10
152567799059,152.5678,70.123528,-105.127968,-0.001135,0.000000,11
152617799060,152.6178,70.123512,-105.127975,-0.001135,-0.610865,11
152667799061,152.6678,70.123497,-105.127998,-0.001136,-0.610865,11
152717799061,152.7178,70.123489,-105.127983,-0.001141,-0.610865,11
152767799062,152.7678,70.126228,-105.127556,-0.000853,-0.610865,11
152817799063,152.8178,70.128258,-105.127106,-0.000353,-0.610865,11
152867799064,152.8678,70.130768,-105.126427,0.000054,-0.610865,11
152917799064,152.9178,70.134369,-105.125381,0.001125,-0.610865,11
152967799065,152.9678,70.140587,-105.123322,0.002436,-0.610865,11
153017799066,153.0178,70.147270,-105.121063,0.004099,-0.610865,11
153067799067,153.0678,70.153534,-105.118950,0.005592,-0.610865,11
153117799067,153.1178,70.161995,-105.116005,0.007626,-0.610865,11
153167799068,153.1678,70.171577,-105.112762,0.010074,-0.610865,11
153217799069,153.2178,70.181007,-105.109383,0.012484,-0.610865,11
153267799070,153.2678,70.191086,-105.105713,0.014988,-0.610865,11
153317799070,153.3178,70.201637,-105.101875,0.017724,-0.610865,11
153367799071,153.3678,70.212769,-105.097939,0.020509,-0.610865,11
153417799072,153.4178,70.224609,-105.093681,0.023654,-0.610865,11
153467799073,153.4678,70.235992,-105.089363,0.026431,-0.610865,11
153517799073,153.5178,70.247833,-105.084991,0.029730,-0.610865,11
153567799074,153.5678,70.260651,-105.080391,0.032714,-0.610865,11
153617799075,153.6178,70.274391,-105.075386,0.036103,-0.610865,11
153667799076,153.6678,70.288139,-105.070152,0.039711,-0.610865,11
153717799076,153.7178,70.303864,-105.064278,0.043614,-0.610865,11
153767799077,153.7678,70.319397,-105.058189,0.047429,-0.610865,11
153817799078,153.8178,70.335938,-105.051720,0.051560,-0.610865,11
153867799079,153.8678,70.352661,-105.045044,0.055894,-0.610865,11
153917799079,153.9178,70.370255,-105.038101,0.060569,-0.610865,11
153967799080,153.9678,70.387100,-105.031197,0.064816,-0.610865,11
154017799081,154.0178,70.404594,-105.023979,0.069325,-0.610865,11
154067799082,154.0678,70.421852,-105.016823,0.073902,-0.610865,11
154117799082,154.1178,70.439850,-105.009369,0.078119,-0.610865,11
154167799083,154.1678,70.458542,-105.001167,0.083216,-0.610865,11
154217799084,154.2178,70.478615,-104.992432,0.088620,-0.610865,11
154267799085,154.2678,70.498451,-104.983543,0.094036,-0.610865,11
154317799085,154.3178,70.519310,-104.974174,0.099422,-0.610865,11
154367799086,154.3678,70.539894,-104.964638,0.104819,-0.610865,11
154417799087,154.4178,70.561333,-104.954712,0.110362,-0.610865,11
154467799087,154.4678,70.582352,-104.944931,0.115766,-0.610865,11
154517799088,154.5178,70.603691,-104.934799,0.121077,-0.610865,11
154567799089,154.5678,70.625481,-104.924225,0.126915,-0.610865,11
154617799090,154.6178,70.648361,-104.913193,0.132887,-0.610865,11
154667799090,154.6678,70.671013,-104.901932,0.138762,0.610865,11
154717799091,154.7178,70.695290,-104.891304,0.143816,0.610865,11
154767799092,154.7678,70.721191,-104.883286,0.146423,0.610865,11
154817799093,154.8178,70.748238,-104.878487,0.146559,0.610865,11
154867799093,154.8678,70.775993,-104.876236,0.144804,0.610865,11
154917799094,154.9178,70.802994,-104.875809,0.141988,0.610865,11
154967799095,154.9678,70.830246,-104.877228,0.137846,0.610865,11
155017799096,155.0178,70.857208,-104.880623,0.132620,0.610865,11
155067799096,155.0678,70.883659,-104.885406,0.126265,0.610865,11
155117799097,155.1178,70.909889,-104.890678,0.120046,0.610865,11
155167799098,155.1678,70.936157,-104.895866,0.113650,0.610865,11
155217799099,155.2178,70.963417,-104.901657,0.107174,0.610865,11
155267799099,155.2678,70.991058,-104.907677,0.100659,0.610865,11
155317799100,155.3178,71.019005,-104.914154,0.094032,0.610865,11
155367799101,155.3678,71.046852,-104.920456,0.087124,0.610865,11
155417799102,155.4178,71.075027,-104.927361,0.080580,0.610865,11
155467799102,155.4678,71.103668,-104.934532,0.073756,0.610865,11
155517799103,155.5178,71.132797,-104.941925,0.066756,0.610865,11
155567799104,155.5678,71.161995,-104.949516,0.059908,0.000000,11
155617799105,155.6178,71.169441,-104.951767,0.057737,0.000000,11
155667799105,155.6678,71.169395,-104.951752,0.057738,0.000000,11
155717799106,155.7178,71.169418,-104.951767,0.057738,0.000000,12
155767799107,155.7678,71.169449,-104.951744,0.057737,-0.610865,12
155817799108,155.8178,71.169479,-104.951736,0.057738,-0.610865,12
155867799108,155.8678,71.169510,-104.951736,0.057738,-0.610865,12
155917799109,155.9178,71.166168,-104.952332,0.057443,-0.610865,12
155967799110,155.9678,71.163208,-104.953285,0.056838,-0.610865,12
156017799111,156.0178,71.160583,-104.954109,0.056397,-0.610865,12
156067799111,156.0678,71.158218,-104.955238,0.055666,-0.610865,12
156117799112,156.1178,71.155952,-104.956062,0.055249,-0.610865,12
156167799113,156.1678,71.153824,-104.957100,0.054570,-0.610865,12
156217799114,156.2178,71.151749,-104.957832,0.054199,-0.610865,12
156267799114,156.2678,71.149780,-104.958794,0.053558,-0.610865,12
156317799115,156.3178,71.147827,-104.959450,0.053217,-0.610865,12
156367799116,156.3678,71.145943,-104.960381,0.052594,-0.610865,12
156417799117,156.4178,71.144028,-104.961029,0.052258,-0.610865,12
156467799117,156.4678,71.142120,-104.961960,0.051629,-0.610865,12
156517799118,156.5178,71.140152,-104.962616,0.051282,-0.610865,12
156567799119,156.5678,71.138184,-104.963531,0.050640,-0.610865,12
156617799120,156.6178,71.136154,-104.964218,0.050279,-0.610865,12
156667799120,156.6678,71.134132,-104.965172,0.049622,-0.610865,12
156717799121,156.7178,71.132042,-104.965866,0.049245,-0.610865,12
156767799122,156.7678,71.129951,-104.966843,0.048572,-0.610865,12
156817799123,156.8178,71.127800,-104.967583,0.048180,-0.610865,12
156867799123,156.8678,71.125641,-104.968582,0.047491,-0.610865,12
156917799124,156.9178,71.123421,-104.969315,0.047084,-0.610865,12
156967799125,156.9678,71.121208,-104.970337,0.046382,-0.610865,12
157017799125,157.0178,71.118935,-104.971107,0.045961,-0.610865,12
157067799126,157.0678,71.116661,-104.972153,0.045244,-0.610865,12
157117799127,157.1178,71.114334,-104.972931,0.044810,-0.610865,12
157167799128,157.1678,71.112015,-104.973961,0.044082,-0.610865,12
157217799128,157.2178,71.109642,-104.974770,0.043636,-0.610865,12
157267799129,157.2678,71.107277,-104.975861,0.042897,-0.610865,12
157317799130,157.3178,71.104858,-104.976669,0.042440,-0.610865,12
157367799131,157.3678,71.102448,-104.977753,0.041690,-0.610865,12
157417799131,157.4178,71.099983,-104.978554,0.041221,-0.610865,12
157467799132,157.4678,71.097519,-104.979668,0.040455,-0.610865,12
157517799133,157.5178,71.094986,-104.980515,0.039970,-0.610865,12
157567799134,157.5678,71.092453,-104.981636,0.039188,-0.610865,12
157617799134,157.6178,71.089836,-104.982506,0.038679,-0.610865,12
157667799135,157.6678,71.087227,-104.983673,0.037879,-0.610865,12
157717799136,157.7178,71.084572,-104.984558,0.037360,-0.610865,12
157767799137,157.7678,71.079697,-104.986023,0.035749,-0.610865,12
157817799137,157.8178,71.073204,-104.988472,0.034068,-0.610865,12
157867799138,157.8678,71.066505,-104.990761,0.032373,-0.610865,12
157917799139,157.9178,71.058067,-104.993980,0.030215,-0.610865,12
157967799140,157.9678,71.046928,-104.998047,0.027097,-0.610865,12
158017799140,158.0178,71.036263,-105.001923,0.024417,-0.610865,12
158067799141,158.0678,71.026039,-105.005684,0.021938,-0.610865,12
158117799142,158.1178,71.015121,-105.009636,0.019124,-0.610865,12
158167799143,158.1678,71.003746,-105.013809,0.016442,-0.610865,12
158217799143,158.2178,70.992905,-105.017509,0.013598,-0.610865,12
158267799144,158.2678,70.982506,-105.021248,0.011146,-0.610865,12
158317799145,158.3178,70.970131,-105.025566,0.008226,-0.610865,12
158367799146,158.3678,70.954765,-105.030815,0.004199,-0.610865,12
158417799146,158.4178,70.939247,-105.035896,0.000207,-0.610865,12
158467799147,158.4678,70.924942,-105.040848,-0.003466,-0.610865,12
158517799148,158.5178,70.906929,-105.046600,-0.007726,-0.610865,12
158567799149,158.5678,70.889397,-105.052635,-0.012024,-0.610865,12
158617799149,158.6178,70.871887,-105.058289,-0.016238,-0.610865,12
158667799150,158.6678,70.853195,-105.064171,-0.020746,-0.610865,12
158717799151,158.7178,70.834282,-105.069809,-0.025379,-0.610865,12
158767799152,158.7678,70.816902,-105.075233,-0.029713,-0.610865,12
158817799152,158.8178,70.800194,-105.080261,-0.033740,-0.610865,12
158867799153,158.8678,70.780418,-105.085968,-0.038521,-0.610865,12
158917799154,158.9178,70.759941,-105.091866,-0.043420,-0.610865,12
158967799155,158.9678,70.739967,-105.097656,-0.048350,-0.610865,12
159017799155,159.0178,70.721085,-105.102791,-0.053048,-0.610865,12
159067799156,159.0678,70.703926,-105.107674,-0.057098,-0.610865,12
159117799157,159.1178,70.685097,-105.112823,-0.061502,-0.610865,12
159167799158,159.1678,70.664230,-105.118378,-0.066369,-0.610865,12
159217799158,159.2178,70.644218,-105.123901,-0.071362,-0.610865,12
159267799159,159.2678,70.624725,-105.129028,-0.075943,-0.610865,12
159317799160,159.3178,70.605804,-105.134079,-0.080609,-0.610865,12
159367799161,159.3678,70.587250,-105.138832,-0.085083,-0.610865,12
159417799161,159.4178,70.569145,-105.143425,-0.089656,-0.610865,12
159467799162,159.4678,70.550934,-105.147896,-0.093951,-0.610865,12
159517799163,159.5178,70.533081,-105.152519,-0.098252,-0.610865,12
159567799163,159.5678,70.515808,-105.156395,-0.102560,-0.610865,12
159617799164,159.6178,70.497780,-105.160553,-0.106552,0.610865,12
159667799165,159.6678,70.477303,-105.163864,-0.110496,0.610865,12
159717799166,159.7178,70.453957,-105.164734,-0.112559,0.610865,12
159767799166,159.7678,70.431847,-105.163155,-0.112708,0.610865,12
159817799167,159.8178,70.411270,-105.159775,-0.111430,0.610865,12
159867799168,159.8678,70.390091,-105.154701,-0.109236,0.610865,12
159917799169,159.9178,70.371216,-105.149170,-0.106155,0.610865,12
159967799169,159.9678,70.352226,-105.141846,-0.102084,0.610865,12
160017799170,160.0178,70.333160,-105.133354,-0.097414,0.610865,12
160067799171,160.0678,70.315079,-105.125137,-0.092601,0.610865,12
160117799172,160.1178,70.297188,-105.117188,-0.088234,0.610865,12
160167799172,160.1678,70.278931,-105.109337,-0.083525,0.610865,12
160217799173,160.2178,70.260857,-105.101387,-0.079057,0.610865,12
160267799174,160.2678,70.243202,-105.093552,-0.074358,0.610865,12
160317799175,160.3178,70.225601,-105.085976,-0.069986,0.610865,12
160367799175,160.3678,70.207047,-105.078209,-0.065212,0.610865,12
160417799176,160.4178,70.189003,-105.070847,-0.060563,0.610865,12
160467799177,160.4678,70.171432,-105.063568,-0.056367,0.610865,12
160517799178,160.5178,70.154114,-105.056747,-0.051787,0.610865,12
160567799178,160.5678,70.137115,-105.049911,-0.047696,0.610865,12
160617799179,160.6178,70.119377,-105.043091,-0.043086,0.610865,12
160667799180,160.6678,70.102379,-105.036522,-0.038881,0.610865,12
160717799181,160.7178,70.085686,-105.030121,-0.034678,0.610865,12
160767799181,160.7678,70.068985,-105.023735,-0.030487,0.610865,12
160817799182,160.8178,70.052452,-105.017555,-0.026060,0.610865,12
160867799183,160.8678,70.036629,-105.011627,-0.022356,0.610865,12
160917799184,160.9178,70.019630,-105.005684,-0.018005,0.610865,12
160967799184,160.9678,70.003899,-105.000069,-0.013966,0.610865,12
161017799185,161.0178,69.985863,-104.993828,-0.009590,0.610865,12
161067799186,161.0678,69.967636,-104.987305,-0.004867,0.610865,12
161117799187,161.1178,69.950073,-104.981178,-0.000804,0.610865,12
161167799187,161.1678,69.932854,-104.975342,0.003617,0.000000,12
161217799188,161.2178,69.931023,-104.974625,0.003848,0.000000,12
161267799189,161.2678,69.931038,-104.974625,0.003848,0.000000,12
161317799190,161.3178,69.931023,-104.974640,0.003848,0.000000,12
161367799190,161.3678,69.931007,-104.974655,0.003848,0.000000,12
161417799191,161.4178,69.930984,-104.974663,0.003848,0.000000,12
161467799192,161.4678,69.930969,-104.974648,0.003848,0.000000,12
161517799193,161.5178,69.930954,-104.974640,0.003848,0.000000,12
161567799193,161.5678,69.930954,-104.974617,0.003848,0.000000,12
161617799194,161.6178,69.930946,-104.974617,0.003848,0.000000,12
161667799195,161.6678,69.930939,-104.974609,0.003848,0.000000,12
161717799196,161.7178,69.930939,-104.974609,0.003848,0.000000,12
161767799196,161.7678,69.930939,-104.974594,0.003848,0.000000,12
161817799197,161.8178,69.930931,-104.974594,0.003848,0.000000,12
161867799198,161.8678,69.930931,-104.974594,0.003848,0.000000,12
161917799199,161.9178,69.930923,-104.974594,0.003848,0.000000,12
161967799199,161.9678,69.930923,-104.974586,0.003848,0.000000,12
162017799200,162.0178,69.930923,-104.974586,0.003848,0.000000,12
162067799201,162.0678,69.930923,-104.974586,0.003848,0.000000,12
162117799201,162.1178,69.930923,-104.974586,0.003848,0.000000,12
162167799202,162.1678,69.930923,-104.974586,0.003848,0.000000,12
162217799203,162.2178,69.930923,-104.974586,0.003848,0.000000,12
162267799204,162.2678,69.930923,-104.974586,0.003848,0.000000,12
162317799204,162.3178,69.930923,-104.974586,0.003848,0.000000,12
162367799205,162.3678,69.930923,-104.974586,0.003848,0.000000,12
162417799206,162.4178,69.930923,-104.974586,0.003848,0.000000,12
162467799207,162.4678,69.930923,-104.974586,0.003848,0.000000,12
162517799207,162.5178,69.930923,-104.974586,0.003848,0.000000,12
162567799208,162.5678,69.930923,-104.974586,0.003848,0.000000,12
162617799209,162.6178,69.930923,-104.974586,0.003848,0.000000,12
162667799210,162.6678,69.930923,-104.974586,0.003848,0.000000,12
162717799210,162.7178,69.930923,-104.974586,0.003848,0.000000,12
162767799211,162.7678,69.930923,-104.974586,0.003848,0.000000,12
162817799212,162.8178,69.930923,-104.974586,0.003848,0.000000,12
162867799213,162.8678,69.930923,-104.974586,0.003848,0.000000,12
162917799213,162.9178,69.930923,-104.974586,0.003848,0.000000,12
162967799214,162.9678,69.930923,-104.974586,0.003848,0.000000,12
163017799215,163.0178,69.930923,-104.974586,0.003848,0.000000,12
163067799216,163.0678,69.930923,-104.974586,0.003848,0.000000,12
163117799216,163.1178,69.930923,-104.974586,0.003848,0.000000,12
163167799217,163.1678,69.930923,-104.974586,0.003848,0.000000,12
163217799218,163.2178,69.930923,-104.974586,0.003848,0.000000,12
163267799219,163.2678,69.930923,-104.974586,0.003848,0.000000,12
163317799219,163.3178,69.930923,-104.974586,0.003848,0.000000,12
163367799220,163.3678,69.930923,-104.974586,0.003848,0.000000,12
163417799221,163.4178,69.930923,-104.974586,0.003848,0.000000,12
163467799222,163.4678,69.930923,-104.974586,0.003848,0.000000,12
163517799222,163.5178,69.930923,-104.974586,0.003848,0.000000,12
163567799223,163.5678,69.930923,-104.974586,0.003848,0.000000,12
163617799224,163.6178,69.930923,-104.974586,0.003848,0.000000,12
163667799225,163.6678,69.930923,-104.974586,0.003848,0.000000,12
163717799225,163.7178,69.930923,-104.974586,0.003848,0.000000,12
163767799226,163.7678,69.930923,-104.974586,0.003848,0.000000,12
163817799227,163.8178,69.930923,-104.974586,0.003848,0.000000,12
163867799228,163.8678,69.930923,-104.974586,0.003848,0.000000,12
163917799228,163.9178,69.930923,-104.974586,0.003848,0.000000,12
163967799229,163.9678,69.930923,-104.974586,0.003848,0.000000,12
164017799230,164.0178,69.930923,-104.974586,0.003848,0.000000,12
164067799231,164.0678,69.930923,-104.974586,0.003848,0.000000,12
164117799231,164.1178,69.930923,-104.974586,0.003848,0.000000,12
164167799232,164.1678,69.930923,-104.974586,0.003848,0.000000,12
164217799233,164.2178,69.930923,-104.974586,0.003848,0.000000,12
164267799234,164.2678,69.930923,-104.974586,0.003848,0.000000,12
164317799234,164.3178,69.930923,-104.974586,0.003848,0.000000,12
164367799235,164.3678,69.930923,-104.974586,0.003848,0.000000,12
164417799236,164.4178,69.930923,-104.974586,0.003848,0.000000,12
164467799236,164.4678,69.930923,-104.974586,0.003848,0.000000,12
164517799237,164.5178,69.930923,-104.974586,0.003848,0.000000,12
164567799238,164.5678,69.930923,-104.974586,0.003848,0.000000,12
164617799239,164.6178,69.930923,-104.974586,0.003848,0.000000,12
164667799239,164.6678,69.930923,-104.974586,0.003848,0.000000,12
164717799240,164.7178,69.930923,-104.974586,0.003848,0.000000,12
164767799241,164.7678,69.930923,-104.974586,0.003848,0.000000,12
164817799242,164.8178,69.930923,-104.974586,0.003848,0.000000,12
164867799242,164.8678,69.930923,-104.974586,0.003848,0.000000,12
164917799243,164.9178,69.930923,-104.974586,0.003848,0.000000,12
164967799244,164.9678,69.930923,-104.974586,0.003848,0.000000,12
165017799245,165.0178,69.930923,-104.974586,0.003848,0.000000,12
165067799245,165.0678,69.930923,-104.974586,0.003848,0.000000,12
165117799246,165.1178,69.930923,-104.974586,0.003848,0.000000,12
165167799247,165.1678,69.930923,-104.974586,0.003848,0.000000,12
165217799248,165.2178,69.930923,-104.974586,0.003848,0.000000,12
165267799248,165.2678,69.930923,-104.974586,0.003848,0.000000,12
165317799249,165.3178,69.930923,-104.974586,0.003848,0.000000,12
165367799250,165.3678,69.930923,-104.974586,0.003848,0.000000,12
165417799251,165.4178,69.930923,-104.974586,0.003848,0.000000,12
165467799251,165.4678,69.930923,-104.974586,0.003848,0.000000,12
165517799252,165.5178,69.930923,-104.974586,0.003848,0.000000,12
165567799253,165.5678,69.930923,-104.974586,0.003848,0.000000,12
165617799254,165.6178,69.930923,-104.974586,0.003848,0.000000,12
165667799254,165.6678,69.930923,-104.974586,0.003848,0.000000,12
165717799255,165.7178,69.930923,-104.974586,0.003848,0.000000,12
165767799256,165.7678,69.930923,-104.974586,0.003848,0.000000,12
165817799257,165.8178,69.930923,-104.974586,0.003848,0.000000,12
165867799257,165.8678,69.930923,-104.974586,0.003848,0.000000,12
165917799258,165.9178,69.930923,-104.974586,0.003848,0.000000,12
165967799259,165.9678,69.930923,-104.974586,0.003848,0.000000,12
166017799260,166.0178,69.930923,-104.974586,0.003848,0.000000,12
166067799260,166.0678,69.930923,-104.974586,0.003848,0.000000,12
166117799261,166.1178,69.930923,-104.974586,0.003848,0.000000,12
166167799262,166.1678,69.930923,-104.974586,0.003848,0.000000,12
166217799263,166.2178,69.930923,-104.974586,0.003848,0.000000,12
166267799263,166.2678,69.930923,-104.974586,0.003848,0.000000,12
166317799264,166.3178,69.930923,-104.974586,0.003848,0.000000,12
166367799265,166.3678,69.930923,-104.974586,0.003848,0.000000,12
166417799266,166.4178,69.930923,-104.974586,0.003848,0.000000,12
166467799266,166.4678,69.930923,-104.974586,0.003848,0.000000,12
166517799267,166.5178,69.930923,-104.974586,0.003848,0.000000,12
166567799268,166.5678,69.930923,-104.974586,0.003848,0.000000,12
166617799269,166.6178,69.930923,-104.974586,0.003848,0.000000,12
166667799269,166.6678,69.930923,-104.974586,0.003848,0.000000,12
166717799270,166.7178,69.930923,-104.974586,0.003848,0.000000,12
166767799271,166.7678,69.930923,-104.974586,0.003848,0.000000,12
166817799272,166.8178,69.930923,-104.974586,0.003848,0.000000,12
166867799272,166.8678,69.930923,-104.974586,0.003848,0.000000,12
166917799273,166.9178,69.930923,-104.974586,0.003848,0.000000,12
166967799274,166.9678,69.930923,-104.974586,0.003848,0.000000,12
