Timestamp (ns),Time (s),X Position (m),Y Position (m),Yaw (rad),Steering Command,trials (times)
12551094471,12.5511,71.000000,-107.500000,0.000000,0.000000,1
12601094472,12.6011,71.000000,-107.500000,0.000000,0.000000,1
12651094472,12.6511,71.000000,-107.500000,0.000000,0.000000,1
12701094473,12.7011,71.000000,-107.500000,0.000000,0.000000,1
12751094474,12.7511,71.000000,-107.500000,0.000000,0.000000,1
12801094475,12.8011,71.000000,-107.500000,0.000000,0.000000,1
12851094475,12.8511,71.000000,-107.500000,0.000000,0.000000,1
12901094476,12.9011,71.000000,-107.500000,0.000000,0.000000,1
12951094477,12.9511,71.000000,-107.500000,0.000000,0.000000,1
13001094478,13.0011,71.000000,-107.500000,0.000000,0.000000,1
13051094478,13.0511,71.000000,-107.500000,0.000000,0.000000,1
13101094479,13.1011,71.000000,-107.500000,0.000000,0.000000,1
13151094480,13.1511,71.020287,-107.500000,0.000006,0.000000,1
13201094481,13.2011,71.075035,-107.500000,0.000010,0.000000,1
13251094481,13.2511,71.149605,-107.500000,-0.000029,0.000000,1
13301094482,13.3011,71.236084,-107.499901,-0.000298,0.000000,1
13351094483,13.3511,71.330696,-107.499840,-0.000474,0.000000,1
13401094484,13.4011,71.430992,-107.499733,-0.000846,0.000000,1
13451094484,13.4511,71.536316,-107.499725,-0.001024,0.000000,1
13501094485,13.5011,71.645447,-107.499702,-0.001375,0.000000,1
13551094486,13.5511,71.758453,-107.499771,-0.001536,0.000000,1
13601094487,13.6011,71.874611,-107.499832,-0.001860,0.000000,1
13651094487,13.6511,71.994202,-107.499977,-0.002004,0.000000,1
13701094488,13.7011,72.116661,-107.500122,-0.002305,0.000000,1
13751094489,13.7511,72.242348,-107.500351,-0.002433,0.000000,1
13801094490,13.8011,72.370743,-107.500565,-0.002713,0.000000,1
13851094490,13.8511,72.502228,-107.500870,-0.002824,0.000000,1
13901094491,13.9011,72.636330,-107.501160,-0.003083,0.000000,1
13951094492,13.9511,72.773415,-107.501534,-0.003179,0.000000,1
14001094493,14.0011,72.913040,-107.501884,-0.003416,0.000000,1
14051094493,14.0511,73.055557,-107.502342,-0.003496,0.000000,1
14101094494,14.1011,73.200539,-107.502769,-0.003712,0.000000,1
14151094495,14.1511,73.348328,-107.503288,-0.003777,0.000000,1
14201094496,14.2011,73.498520,-107.503799,-0.003973,0.000000,1
14251094496,14.2511,73.651421,-107.504364,-0.004023,0.000000,1
14301094497,14.3011,73.806671,-107.504936,-0.004199,0.000000,1
14351094498,14.3511,73.964531,-107.505577,-0.004235,0.000000,1
14401094499,14.4011,74.124695,-107.506210,-0.004392,0.000000,1
14451094499,14.4511,74.287392,-107.506889,-0.004415,0.000000,1
14501094500,14.5011,74.452316,-107.507576,-0.004555,0.000000,1
14551094501,14.5511,74.619690,-107.508316,-0.004566,0.000000,1
14601094502,14.6011,74.789246,-107.509048,-0.004689,0.000000,1
14651094502,14.6511,74.961166,-107.509842,-0.004689,0.000000,1
14701094503,14.7011,75.135201,-107.510643,-0.004797,0.000000,1
14751094504,14.7511,75.311539,-107.511475,-0.004789,0.000000,1
14801094505,14.8011,75.489937,-107.512299,-0.004884,0.000000,1
14851094505,14.8511,75.670547,-107.513184,-0.004867,0.000000,1
14901094506,14.9011,75.852150,-107.514030,-0.004956,0.000000,1
14951094507,14.9511,76.000015,-107.514809,-0.004833,0.000000,1
15001094507,15.0011,76.088028,-107.515282,-0.004795,0.000000,1
15051094508,15.0511,76.119057,-107.515472,-0.004835,0.000000,1
15101094509,15.1011,76.119026,-107.515472,-0.004834,0.000000,1
15151094510,15.1511,76.119156,-107.515472,-0.004833,0.000000,1
15201094510,15.2011,76.119316,-107.515472,-0.004833,-0.353250,1
15251094511,15.2511,76.119453,-107.515472,-0.004833,-0.353250,1
15301094512,15.3011,76.119560,-107.515472,-0.004832,-0.353250,1
15351094513,15.3511,76.119659,-107.515472,-0.004832,-0.353250,1
15401094513,15.4011,76.118988,-107.515602,-0.004910,-0.353250,1
15451094514,15.4511,76.118294,-107.515808,-0.005089,-0.353250,1
15501094515,15.5011,76.117699,-107.515816,-0.005085,-0.353250,1
15551094516,15.5511,76.117043,-107.516006,-0.005261,-0.353250,1
15601094516,15.6011,76.116402,-107.516029,-0.005263,-0.353250,1
15651094517,15.6511,76.115646,-107.516258,-0.005455,-0.353250,1
15701094518,15.7011,76.114845,-107.516319,-0.005479,-0.353250,1
15751094519,15.7511,76.113884,-107.516571,-0.005697,-0.353250,1
15801094519,15.8011,76.112862,-107.516655,-0.005752,-0.353250,1
15851094520,15.8511,76.111656,-107.516960,-0.006004,-0.353250,1
15901094521,15.9011,76.110382,-107.517097,-0.006093,-0.353250,1
15951094522,15.9511,76.108910,-107.517441,-0.006380,-0.353250,1
16001094522,16.0011,76.107368,-107.517632,-0.006504,-0.353250,1
16051094523,16.0511,76.105644,-107.518013,-0.006827,-0.353250,1
16101094524,16.1011,76.103844,-107.518257,-0.006986,-0.353250,1
16151094525,16.1511,76.101852,-107.518700,-0.007343,-0.353250,1
16201094525,16.2011,76.099800,-107.518974,-0.007536,-0.353250,1
16251094526,16.2511,76.097580,-107.519447,-0.007925,-0.353250,1
16301094527,16.3011,76.095299,-107.519783,-0.008151,-0.353250,1
16351094528,16.3511,76.092834,-107.520302,-0.008572,-0.353250,1
16401094528,16.4011,76.090332,-107.520668,-0.008828,-0.353250,1
16451094529,16.4511,76.087654,-107.521225,-0.009279,-0.353250,1
16501094530,16.5011,76.084938,-107.521622,-0.009565,-0.353250,1
16551094531,16.5511,76.082031,-107.522217,-0.010047,-0.353250,1
16601094531,16.6011,76.079018,-107.522667,-0.010387,-0.353250,1
16651094532,16.6511,76.075806,-107.523315,-0.010907,-0.353250,1
16701094533,16.7011,76.071793,-107.524002,-0.011426,-0.353250,1
16751094534,16.7511,76.055641,-107.526367,-0.013890,-0.353250,1
16801094534,16.8011,76.026550,-107.531036,-0.017835,-0.353250,1
16851094535,16.8511,75.993782,-107.536491,-0.022236,-0.353250,1
16901094536,16.9011,75.961166,-107.541756,-0.026890,-0.353250,1
16951094537,16.9511,75.928879,-107.547012,-0.030970,-0.353250,1
17001094537,17.0011,75.897125,-107.551826,-0.035431,-0.353250,1
17051094538,17.0511,75.865593,-107.556679,-0.039446,-0.353250,1
17101094539,17.1011,75.834229,-107.561195,-0.043815,-0.353250,1
17151094540,17.1511,75.802856,-107.565689,-0.047852,-0.353250,1
17201094540,17.2011,75.770119,-107.570007,-0.052382,-0.353250,1
17251094541,17.2511,75.737770,-107.574341,-0.056478,-0.353250,1
17301094542,17.3011,75.705185,-107.578506,-0.060994,-0.353250,1
17351094543,17.3511,75.672935,-107.582535,-0.065030,-0.353250,1
17401094543,17.4011,75.640503,-107.586426,-0.069503,-0.353250,1
17451094544,17.4511,75.607162,-107.590294,-0.073765,-0.353250,1
17501094545,17.5011,75.573776,-107.593933,-0.078385,-0.353250,1
17551094545,17.5511,75.540039,-107.597496,-0.082680,-0.353250,1
17601094546,17.6011,75.506516,-107.600883,-0.087298,-0.353250,1
17651094547,17.6511,75.472321,-107.604126,-0.091684,-0.353250,1
17701094548,17.7011,75.438110,-107.607430,-0.096352,-0.353250,1
17751094548,17.7511,75.401520,-107.610466,-0.101500,-0.353250,1
17801094549,17.8011,75.363144,-107.613182,-0.106943,-0.353250,1
17851094550,17.8511,75.322815,-107.616104,-0.112131,-0.353250,1
17901094551,17.9011,75.282646,-107.618988,-0.117392,-0.353250,1
17951094551,17.9511,75.242737,-107.621933,-0.122823,-0.353250,1
18001094552,18.0011,75.203224,-107.624481,-0.128060,-0.353250,1
18051094553,18.0511,75.163750,-107.626984,-0.133469,-0.353250,1
18101094554,18.1011,75.124229,-107.629158,-0.138714,-0.353250,1
18151094554,18.1511,75.084885,-107.631226,-0.144032,-0.353250,1
18201094555,18.2011,75.045830,-107.632889,-0.149195,-0.353250,1
18251094556,18.2511,75.006973,-107.634491,-0.154459,-0.353250,1
18301094557,18.3011,74.968170,-107.635796,-0.159535,-0.353250,1
18351094557,18.3511,74.929520,-107.636993,-0.164763,-0.353250,1
18401094558,18.4011,74.891060,-107.637833,-0.169853,-0.353250,1
18451094559,18.4511,74.852707,-107.638611,-0.175057,-0.353250,1
18501094560,18.5011,74.814323,-107.639099,-0.180083,-0.353250,1
18551094560,18.5511,74.776016,-107.639496,-0.185274,-0.353250,1
18601094561,18.6011,74.737869,-107.639542,-0.190314,-0.353250,1
18651094562,18.6511,74.699760,-107.639526,-0.195531,-0.353250,1
18701094563,18.7011,74.661690,-107.639229,-0.200572,-0.353250,1
18751094563,18.7511,74.623619,-107.638878,-0.205712,-0.353250,1
18801094564,18.8011,74.585266,-107.638214,-0.210739,-0.353250,1
18851094565,18.8511,74.547089,-107.637421,-0.215919,-0.353250,1
18901094566,18.9011,74.508835,-107.636314,-0.220971,-0.353250,1
18951094566,18.9511,74.470566,-107.635147,-0.226226,-0.353250,1
19001094567,19.0011,74.432381,-107.633690,-0.231227,-0.353250,1
19051094568,19.0511,74.394089,-107.632149,-0.236437,-0.353250,1
19101094569,19.1011,74.355591,-107.630241,-0.241551,-0.353250,1
19151094569,19.1511,74.317039,-107.628326,-0.246764,-0.353250,1
19201094570,19.2011,74.278595,-107.626007,-0.251863,-0.353250,1
19251094571,19.2511,74.240158,-107.623657,-0.257073,-0.353250,1
19301094572,19.3011,74.201561,-107.620987,-0.262139,-0.353250,1
19351094572,19.3511,74.163002,-107.618233,-0.267369,-0.353250,1
19401094573,19.4011,74.124580,-107.615112,-0.272470,-0.353250,1
19451094574,19.4511,74.086197,-107.611938,-0.277701,-0.353250,1
19501094575,19.5011,74.047760,-107.608475,-0.282755,-0.353250,1
19551094575,19.5511,74.009361,-107.604927,-0.287973,-0.353250,1
19601094576,19.6011,73.971107,-107.601006,-0.293088,-0.353250,1
19651094577,19.6511,73.933060,-107.597099,-0.298254,-0.353250,1
19701094578,19.7011,73.894798,-107.592827,-0.303364,-0.353250,1
19751094578,19.7511,73.856415,-107.588516,-0.308649,-0.353250,1
19801094579,19.8011,73.817871,-107.583824,-0.313723,-0.353250,1
19851094580,19.8511,73.778763,-107.578827,-0.319034,-0.353250,1
19901094581,19.9011,73.735779,-107.572845,-0.324851,-0.353250,1
19951094581,19.9511,73.693130,-107.567017,-0.330609,-0.353250,1
20001094582,20.0011,73.651070,-107.560913,-0.336226,-0.353250,1
20051094583,20.0511,73.609337,-107.554771,-0.341930,-0.353250,1
20101094583,20.1011,73.567924,-107.548325,-0.347426,-0.353250,1
20151094584,20.1511,73.526817,-107.541824,-0.353042,-0.353250,1
20201094585,20.2011,73.486061,-107.534988,-0.358510,-0.353250,1
20251094586,20.2511,73.445534,-107.528114,-0.364072,-0.353250,1
20301094586,20.3011,73.405182,-107.520927,-0.369445,-0.353250,1
20351094587,20.3511,73.365044,-107.513672,-0.374953,-0.353250,1
20401094588,20.4011,73.325165,-107.506081,-0.380325,-0.353250,1
20451094589,20.4511,73.285446,-107.498444,-0.385800,-0.353250,1
20501094589,20.5011,73.245842,-107.490494,-0.391094,-0.353250,1
20551094590,20.5511,73.206383,-107.482475,-0.396532,-0.353250,1
20601094591,20.6011,73.167145,-107.474121,-0.401840,-0.353250,1
20651094592,20.6511,73.128029,-107.465721,-0.407258,-0.353250,1
20701094592,20.7011,73.088989,-107.457031,-0.412499,-0.353250,1
20751094593,20.7511,73.050056,-107.448227,-0.417890,-0.353250,1
20801094594,20.8011,73.011330,-107.439117,-0.423155,-0.353250,1
20851094595,20.8511,72.972702,-107.429970,-0.428532,-0.353250,1
20901094595,20.9011,72.934128,-107.420486,-0.433736,-0.353250,1
20951094596,20.9511,72.895630,-107.410942,-0.439093,-0.353250,1
21001094597,21.0011,72.857338,-107.401070,-0.444326,-0.353250,1
21051094598,21.0511,72.819122,-107.391159,-0.449673,-0.353250,1
21101094598,21.1011,72.780952,-107.380913,-0.454850,-0.353250,1
21151094599,21.1511,72.742844,-107.370613,-0.460182,-0.353250,1
21201094600,21.2011,72.704933,-107.359985,-0.465391,-0.353250,1
21251094601,21.2511,72.667091,-107.349312,-0.470716,-0.353250,1
21301094601,21.3011,72.629280,-107.338326,-0.475870,-0.353250,1
21351094602,21.3511,72.591537,-107.327255,-0.481184,-0.353250,1
21401094603,21.4011,72.554008,-107.315857,-0.486372,-0.353250,1
21451094604,21.4511,72.516525,-107.304428,-0.491681,-0.353250,1
21501094604,21.5011,72.479073,-107.292686,-0.496819,-0.353250,1
21551094605,21.5511,72.441681,-107.280853,-0.502121,-0.353250,1
21601094606,21.6011,72.404503,-107.268707,-0.507295,-0.353250,1
21651094607,21.6511,72.367393,-107.256523,-0.512590,-0.353250,1
21701094607,21.7011,72.330292,-107.244041,-0.517717,-0.353250,1
21751094608,21.7511,72.293266,-107.231483,-0.523006,-0.353250,1
21801094609,21.8011,72.256454,-107.218597,-0.528168,-0.353250,1
21851094610,21.8511,72.219688,-107.205681,-0.533452,-0.353250,1
21901094610,21.9011,72.182938,-107.192451,-0.538568,-0.353250,1
21951094611,21.9511,72.146255,-107.179131,-0.543848,-0.353250,1
22001094612,22.0011,72.109947,-107.165573,-0.548954,-0.353250,1
22051094613,22.0511,72.073662,-107.151978,-0.554208,-0.353250,1
22101094613,22.1011,72.037437,-107.138054,-0.559284,-0.353250,1
22151094614,22.1511,72.001373,-107.124130,-0.564504,0.610865,1
22201094615,22.2011,71.990303,-107.119766,-0.566044,0.610865,1
22251094616,22.2511,71.990341,-107.119812,-0.566044,0.610865,1
22301094616,22.3011,71.990318,-107.119835,-0.566043,0.610865,1
22351094617,22.3511,71.990288,-107.119843,-0.566044,0.610865,1
22401094618,22.4011,71.990265,-107.119843,-0.566044,0.610865,1
22451094618,22.4511,71.990219,-107.119850,-0.566045,0.610865,1
22501094619,22.5011,71.987724,-107.117294,-0.565383,0.610865,1
22551094620,22.5511,71.984291,-107.112976,-0.564072,0.610865,1
22601094621,22.6011,71.978539,-107.106285,-0.562002,0.610865,1
22651094621,22.6511,71.973358,-107.099678,-0.559957,0.610865,1
22701094622,22.7011,71.965569,-107.090492,-0.556993,0.610865,1
22751094623,22.7511,71.955254,-107.078163,-0.553404,0.610865,1
22801094624,22.8011,71.942421,-107.062973,-0.548534,0.610865,1
22851094624,22.8511,71.929314,-107.047340,-0.543843,0.610865,1
22901094625,22.9011,71.916313,-107.031815,-0.539168,0.610865,1
22951094626,22.9511,71.902092,-107.014908,-0.533990,0.610865,1
23001094627,23.0011,71.885551,-106.995995,-0.528205,0.610865,1
23051094627,23.0511,71.869049,-106.977036,-0.522234,0.610865,1
23101094628,23.1011,71.851860,-106.957794,-0.516116,0.610865,1
23151094629,23.1511,71.833549,-106.937439,-0.509774,0.610865,1
23201094630,23.2011,71.814568,-106.916588,-0.503112,0.610865,1
23251094630,23.2511,71.795334,-106.895699,-0.496644,0.610865,1
23301094631,23.3011,71.776245,-106.875153,-0.490002,0.610865,1
23351094632,23.3511,71.757339,-106.855072,-0.483630,0.610865,1
23401094633,23.4011,71.738457,-106.835358,-0.477225,0.610865,1
23451094633,23.4511,71.719353,-106.815536,-0.470910,0.610865,1
23501094634,23.5011,71.698540,-106.794373,-0.463998,0.610865,1
23551094635,23.5511,71.676361,-106.772324,-0.456823,0.610865,1
23601094636,23.6011,71.653473,-106.749832,-0.449268,0.610865,1
23651094636,23.6511,71.630714,-106.727623,-0.441953,0.610865,1
23701094637,23.7011,71.608131,-106.705688,-0.434751,0.610865,1
23751094638,23.7511,71.583244,-106.682198,-0.426728,0.610865,1
23801094639,23.8011,71.558159,-106.658699,-0.418784,0.610865,1
23851094639,23.8511,71.531281,-106.634117,-0.410403,0.610865,1
23901094640,23.9011,71.503189,-106.608833,-0.401785,0.610865,1
23951094641,23.9511,71.475533,-106.583794,-0.393030,0.610865,1
24001094642,24.0011,71.447540,-106.559113,-0.384478,0.610865,1
24051094642,24.0511,71.419556,-106.534561,-0.375716,0.610865,1
24101094643,24.1011,71.391235,-106.510498,-0.367175,0.610865,1
24151094644,24.1511,71.362877,-106.486481,-0.358418,0.610865,1
24201094645,24.2011,71.334053,-106.462769,-0.349863,0.610865,1
24251094645,24.2511,71.305115,-106.439125,-0.341056,0.610865,1
24301094646,24.3011,71.275787,-106.415916,-0.332458,0.610865,1
24351094647,24.3511,71.246368,-106.392731,-0.323631,0.610865,1
24401094648,24.4011,71.216454,-106.369835,-0.314990,0.610865,1
24451094648,24.4511,71.186394,-106.346992,-0.306087,0.610865,1
24501094649,24.5011,71.155930,-106.324585,-0.297393,0.610865,1
24551094650,24.5511,71.125351,-106.302208,-0.288459,0.610865,1
24601094651,24.6011,71.094269,-106.280106,-0.279707,0.610865,1
24651094651,24.6511,71.063019,-106.258057,-0.270690,0.610865,1
24701094652,24.7011,71.031372,-106.236465,-0.261879,0.610865,1
24751094653,24.7511,70.999596,-106.214897,-0.252830,0.610865,1
24801094654,24.8011,70.967316,-106.193634,-0.243957,0.610865,1
24851094654,24.8511,70.934868,-106.172447,-0.234821,0.610865,1
24901094655,24.9011,70.902031,-106.151733,-0.225893,0.610865,1
24951094656,24.9511,70.869064,-106.131050,-0.216726,0.610865,1
25001094656,25.0011,70.835617,-106.110718,-0.207740,0.610865,1
25051094657,25.0511,70.802017,-106.090477,-0.198496,0.610865,1
25101094658,25.1011,70.768051,-106.070717,-0.189461,0.610865,1
25151094659,25.1511,70.733963,-106.051033,-0.180193,0.610865,1
25201094659,25.2011,70.699425,-106.031738,-0.171106,0.610865,1
25251094660,25.2511,70.664726,-106.012543,-0.161767,0.610865,1
25301094661,25.3011,70.629700,-105.993866,-0.152642,0.610865,1
25351094662,25.3511,70.594566,-105.975281,-0.143286,0.610865,1
25401094662,25.4011,70.559006,-105.957100,-0.134116,0.610865,1
25451094663,25.4511,70.523323,-105.939049,-0.124697,0.610865,1
25501094664,25.5011,70.487328,-105.921547,-0.115497,0.610865,1
25551094665,25.5511,70.451248,-105.904167,-0.106070,0.610865,1
25601094665,25.6011,70.414772,-105.887207,-0.096833,0.610865,1
25651094666,25.6511,70.378181,-105.870392,-0.087352,0.610865,1
25701094667,25.7011,70.341316,-105.854149,-0.078092,0.610865,1
25751094668,25.7511,70.304382,-105.838013,-0.068606,0.610865,1
25801094668,25.8011,70.267082,-105.822342,-0.059316,0.610865,1
25851094669,25.8511,70.229698,-105.806847,-0.049785,0.610865,1
25901094670,25.9011,70.192062,-105.791901,-0.040479,0.610865,1
25951094671,25.9511,70.154366,-105.777100,-0.030949,0.610865,1
26001094671,26.0011,70.116333,-105.762802,-0.021620,0.610865,1
26051094672,26.0511,70.078239,-105.748657,-0.012054,0.610865,1
26101094673,26.1011,70.039917,-105.735115,-0.002716,0.610865,1
26151094674,26.1511,70.001549,-105.721687,0.006844,0.610865,1
26201094674,26.2011,69.962883,-105.708786,0.016201,0.000000,2
26251094675,26.2511,69.950874,-105.704239,0.018763,-0.610865,2
26301094676,26.3011,69.953934,-105.704315,0.018642,-0.610865,2
26351094677,26.3511,69.973381,-105.703926,0.018753,-0.610865,2
26401094677,26.4011,70.002365,-105.701202,0.020151,-0.610865,2
26451094678,26.4511,70.035980,-105.695984,0.023330,-0.610865,2
26501094679,26.5011,70.072258,-105.687920,0.028708,-0.610865,2
26551094680,26.5511,70.109352,-105.676971,0.036038,-0.610865,2
26601094680,26.6011,70.145073,-105.664131,0.044336,-0.610865,2
26651094681,26.6511,70.181412,-105.650291,0.053086,-0.610865,2
26701094682,26.7011,70.217262,-105.636101,0.061683,-0.610865,2
26751094683,26.7511,70.253662,-105.621407,0.070544,-0.610865,2
26801094683,26.8011,70.289703,-105.606590,0.079593,-0.610865,2
26851094684,26.8511,70.326393,-105.590981,0.088771,-0.610865,2
26901094685,26.9011,70.362465,-105.575310,0.097907,-0.610865,2
26951094686,26.9511,70.398972,-105.559044,0.107195,-0.610865,2
27001094686,27.0011,70.435135,-105.542633,0.116533,-0.610865,2
27051094687,27.0511,70.471588,-105.525574,0.125868,-0.610865,2
27101094688,27.1011,70.507660,-105.508476,0.135240,-0.610865,2
27151094689,27.1511,70.544174,-105.490662,0.144586,-0.610865,2
27201094689,27.2011,70.580078,-105.472595,0.153689,-0.610865,2
27251094690,27.2511,70.616646,-105.453705,0.163189,-0.610865,2
27301094691,27.3011,70.652725,-105.434822,0.172747,0.610865,2
27351094692,27.3511,70.690407,-105.416695,0.180808,0.610865,2
27401094692,27.4011,70.730415,-105.402565,0.185383,0.610865,2
27451094693,27.4511,70.772476,-105.393272,0.185994,0.610865,2
27501094694,27.5011,70.814056,-105.387955,0.183830,0.610865,2
27551094694,27.5511,70.856339,-105.385635,0.179741,0.610865,2
27601094695,27.6011,70.897331,-105.386215,0.173969,0.610865,2
27651094696,27.6511,70.938210,-105.389732,0.166274,0.610865,2
27701094697,27.7011,70.977448,-105.395416,0.157592,0.610865,2
27751094697,27.7511,71.017296,-105.402008,0.148509,0.610865,2
27801094698,27.8011,71.056442,-105.409004,0.139607,0.610865,2
27851094699,27.8511,71.096291,-105.416451,0.130482,0.610865,2
27901094700,27.9011,71.135368,-105.424164,0.121544,0.610865,2
27951094700,27.9511,71.175171,-105.432343,0.112375,0.000000,2
28001094701,28.0011,71.188156,-105.434624,0.108953,0.000000,2
28051094702,28.0511,71.188087,-105.434616,0.108955,0.000000,2
28101094703,28.1011,71.188110,-105.434616,0.108954,0.000000,2
28151094703,28.1511,71.188164,-105.434616,0.108954,-0.610865,2
28201094704,28.2011,71.188210,-105.434601,0.108954,-0.610865,2
28251094705,28.2511,71.188248,-105.434601,0.108955,-0.610865,2
28301094706,28.3011,71.184868,-105.435379,0.108651,-0.610865,2
28351094706,28.3511,71.181900,-105.436523,0.108036,-0.610865,2
28401094707,28.4011,71.179268,-105.437531,0.107583,-0.610865,2
28451094708,28.4511,71.176910,-105.438797,0.106839,-0.610865,2
28501094709,28.5011,71.174629,-105.439743,0.106409,-0.610865,2
28551094709,28.5511,71.172501,-105.440918,0.105717,-0.610865,2
28601094710,28.6011,71.170418,-105.441772,0.105333,-0.610865,2
28651094711,28.6511,71.168457,-105.442848,0.104680,-0.610865,2
28701094712,28.7011,71.166504,-105.443649,0.104327,-0.610865,2
28751094712,28.7511,71.164619,-105.444672,0.103693,-0.610865,2
28801094713,28.8011,71.162689,-105.445427,0.103346,-0.610865,2
28851094714,28.8511,71.160789,-105.446442,0.102705,-0.610865,2
28901094715,28.9011,71.158813,-105.447227,0.102349,-0.610865,2
28951094715,28.9511,71.156868,-105.448280,0.101697,-0.610865,2
29001094716,29.0011,71.154839,-105.449066,0.101328,-0.610865,2
29051094717,29.0511,71.152832,-105.450142,0.100662,-0.610865,2
29101094718,29.1011,71.150742,-105.450966,0.100277,-0.610865,2
29151094718,29.1511,71.148666,-105.452065,0.099596,-0.610865,2
29201094719,29.2011,71.146515,-105.452911,0.099197,-0.610865,2
29251094720,29.2511,71.144386,-105.454033,0.098502,-0.610865,2
29301094721,29.3011,71.142189,-105.454910,0.098089,-0.610865,2
29351094721,29.3511,71.140007,-105.456039,0.097380,-0.610865,2
29401094722,29.4011,71.137749,-105.456932,0.096954,-0.610865,2
29451094723,29.4511,71.135513,-105.458092,0.096232,-0.610865,2
29501094724,29.5011,71.133209,-105.459015,0.095793,-0.610865,2
29551094724,29.5511,71.130928,-105.460190,0.095060,-0.610865,2
29601094725,29.6011,71.128586,-105.461098,0.094610,-0.610865,2
29651094726,29.6511,71.126251,-105.462303,0.093865,-0.610865,2
29701094727,29.7011,71.123863,-105.463249,0.093405,-0.610865,2
29751094727,29.7511,71.121498,-105.464470,0.092649,-0.610865,2
29801094728,29.8011,71.119064,-105.465424,0.092175,-0.610865,2
29851094729,29.8511,71.116638,-105.466660,0.091401,-0.610865,2
29901094730,29.9011,71.114128,-105.467651,0.090910,-0.610865,2
29951094730,29.9511,71.111603,-105.468925,0.090115,-0.610865,2
30001094731,30.0011,71.108925,-105.469978,0.089572,-0.610865,2
30051094732,30.0511,71.106262,-105.471313,0.088746,-0.610865,2
30101094732,30.1011,71.103600,-105.472359,0.088215,-0.610865,2
30151094733,30.1511,71.099121,-105.474205,0.087093,-0.610865,2
30201094734,30.2011,71.091537,-105.477615,0.084956,-0.610865,2
30251094735,30.2511,71.083618,-105.480927,0.082953,-0.610865,2
30301094735,30.3011,71.074448,-105.484871,0.080667,-0.610865,2
30351094736,30.3511,71.065933,-105.488571,0.078711,-0.610865,2
30401094737,30.4011,71.057564,-105.492065,0.076341,-0.610865,2
30451094738,30.4511,71.049744,-105.495483,0.074586,-0.610865,2
30501094738,30.5011,71.041191,-105.499199,0.072143,-0.610865,2
30551094739,30.5511,71.032051,-105.502892,0.069735,-0.610865,2
30601094740,30.6011,71.019920,-105.507896,0.066764,-0.610865,2
30651094741,30.6511,71.002808,-105.514595,0.062511,-0.610865,2
30701094741,30.7011,70.983315,-105.522354,0.057749,-0.610865,2
30751094742,30.7511,70.963890,-105.530380,0.052854,-0.610865,2
30801094743,30.8011,70.944725,-105.538208,0.048109,-0.610865,2
30851094744,30.8511,70.926964,-105.545525,0.043670,-0.610865,2
30901094744,30.9011,70.909355,-105.552322,0.039242,-0.610865,2
30951094745,30.9511,70.892067,-105.559013,0.034685,-0.610865,2
31001094746,31.0011,70.875458,-105.565369,0.030811,-0.610865,2
31051094747,31.0511,70.859093,-105.571503,0.026544,-0.610865,2
31101094747,31.1011,70.843254,-105.577477,0.022684,-0.610865,2
31151094748,31.1511,70.827484,-105.583214,0.018557,-0.610865,2
31201094749,31.2011,70.811996,-105.588867,0.014925,-0.610865,2
31251094750,31.2511,70.796555,-105.594376,0.010826,-0.610865,2
31301094750,31.3011,70.781197,-105.599930,0.007093,-0.610865,2
31351094751,31.3511,70.765106,-105.605347,0.003442,-0.610865,2
31401094752,31.4011,70.750435,-105.610390,0.000118,-0.610865,2
31451094753,31.4511,70.735886,-105.615448,-0.003710,-0.610865,2
31501094753,31.5011,70.722389,-105.620010,-0.006858,-0.610865,2
31551094754,31.5511,70.708183,-105.624863,-0.010664,-0.610865,2
31601094755,31.6011,70.692886,-105.629898,-0.014216,-0.610865,2
31651094756,31.6511,70.675957,-105.635117,-0.018429,-0.610865,2
31701094756,31.7011,70.658760,-105.640427,-0.022501,-0.610865,2
31751094757,31.7511,70.641960,-105.645584,-0.026718,-0.610865,2
31801094758,31.8011,70.625397,-105.650787,-0.030633,-0.610865,2
31851094759,31.8511,70.609306,-105.656006,-0.034722,-0.610865,2
31901094759,31.9011,70.591209,-105.661285,-0.039109,-0.610865,2
31951094760,31.9511,70.571579,-105.667114,-0.043835,-0.610865,2
32001094761,32.0011,70.552773,-105.672554,-0.048428,-0.610865,2
32051094762,32.0511,70.534370,-105.677925,-0.052803,-0.610865,2
32101094762,32.1011,70.516754,-105.682899,-0.057055,-0.610865,2
32151094763,32.1511,70.499069,-105.687820,-0.061398,0.610865,2
32201094764,32.2011,70.481125,-105.691757,-0.065106,0.610865,2
32251094765,32.2511,70.464142,-105.693298,-0.066766,0.610865,2
32301094765,32.3011,70.448120,-105.692673,-0.066870,0.610865,2
32351094766,32.3511,70.430817,-105.690338,-0.065640,0.610865,2
32401094767,32.4011,70.413048,-105.686714,-0.063811,0.610865,2
32451094768,32.4511,70.396606,-105.682175,-0.061229,0.610865,2
32501094768,32.5011,70.380943,-105.676849,-0.057868,0.610865,2
32551094769,32.5511,70.364136,-105.670151,-0.053743,0.610865,2
32601094770,32.6011,70.347450,-105.663551,-0.049360,0.610865,2
32651094770,32.6511,70.331123,-105.657066,-0.045586,0.610865,2
32701094771,32.7011,70.315269,-105.650948,-0.041462,0.610865,2
32751094772,32.7511,70.298195,-105.644264,-0.037313,0.610865,2
32801094773,32.8011,70.281441,-105.638077,-0.033032,0.610865,2
32851094773,32.8511,70.264885,-105.631676,-0.029089,0.610865,2
32901094774,32.9011,70.249016,-105.625847,-0.024996,0.610865,2
32951094775,32.9511,70.233131,-105.619804,-0.021078,0.610865,2
33001094776,33.0011,70.217911,-105.614288,-0.017208,0.610865,2
33051094776,33.0511,70.202629,-105.608788,-0.013528,0.610865,2
33101094777,33.1011,70.187660,-105.603485,-0.009571,0.610865,2
33151094778,33.1511,70.173546,-105.598602,-0.006098,0.610865,2
33201094779,33.2011,70.159630,-105.593796,-0.002518,0.610865,2
33251094779,33.2511,70.145660,-105.588974,0.000944,0.610865,2
33301094780,33.3011,70.132080,-105.584343,0.004387,0.000000,3
33351094781,33.3511,70.129448,-105.583305,0.005381,0.000000,3
33401094782,33.4011,70.129463,-105.583298,0.005381,0.000000,3
33451094782,33.4511,70.129448,-105.583298,0.005381,-0.610865,3
33501094783,33.5011,70.129440,-105.583305,0.005381,-0.610865,3
33551094784,33.5511,70.129425,-105.583290,0.005375,-0.610865,3
33601094785,33.6011,70.132545,-105.582771,0.005966,-0.610865,3
33651094785,33.6511,70.135300,-105.582153,0.006635,-0.610865,3
33701094786,33.7011,70.139160,-105.581055,0.007550,-0.610865,3
33751094787,33.7511,70.144676,-105.579193,0.008774,-0.610865,3
33801094788,33.8011,70.151764,-105.576935,0.010574,-0.610865,3
33851094788,33.8511,70.160301,-105.573959,0.012688,-0.610865,3
33901094789,33.9011,70.169960,-105.570671,0.015025,-0.610865,3
33951094790,33.9511,70.178825,-105.567474,0.017322,-0.610865,3
34001094791,34.0011,70.188232,-105.564110,0.019709,-0.610865,3
34051094791,34.0511,70.197380,-105.560707,0.022144,-0.610865,3
34101094792,34.1011,70.206749,-105.557251,0.024620,-0.610865,3
34151094793,34.1511,70.217224,-105.553429,0.027253,-0.610865,3
34201094794,34.2011,70.228333,-105.549355,0.030242,-0.610865,3
34251094794,34.2511,70.239441,-105.545197,0.032994,-0.610865,3
34301094795,34.3011,70.250343,-105.541054,0.035912,-0.610865,3
34351094796,34.3511,70.262688,-105.536430,0.038899,-0.610865,3
34401094797,34.4011,70.275322,-105.531532,0.042012,-0.610865,3
34451094797,34.4511,70.288254,-105.526520,0.045615,-0.610865,3
34501094798,34.5011,70.301689,-105.521278,0.048886,-0.610865,3
34551094799,34.5511,70.316338,-105.515694,0.052211,-0.610865,3
34601094800,34.6011,70.331688,-105.509422,0.056313,-0.610865,3
34651094800,34.6511,70.347916,-105.502968,0.060406,-0.610865,3
34701094801,34.7011,70.364342,-105.496178,0.064423,-0.610865,3
34751094802,34.7511,70.381912,-105.488907,0.068810,-0.610865,3
34801094803,34.8011,70.399178,-105.481537,0.073402,-0.610865,3
34851094803,34.8511,70.417358,-105.473816,0.078097,-0.610865,3
34901094804,34.9011,70.435478,-105.466072,0.082661,-0.610865,3
34951094805,34.9511,70.454727,-105.457993,0.087366,-0.610865,3
35001094806,35.0011,70.473465,-105.449585,0.092328,-0.610865,3
35051094806,35.0511,70.492996,-105.440987,0.097365,-0.610865,3
35101094807,35.1011,70.512718,-105.431999,0.102351,-0.610865,3
35151094808,35.1511,70.533218,-105.422607,0.107647,-0.610865,3
35201094808,35.2011,70.553574,-105.413139,0.113015,-0.610865,3
35251094809,35.2511,70.573967,-105.403496,0.118183,-0.610865,3
35301094810,35.3011,70.594780,-105.393845,0.123834,-0.610865,3
35351094811,35.3511,70.615089,-105.383965,0.129060,-0.610865,3
35401094811,35.4011,70.636101,-105.373817,0.134135,-0.610865,3
35451094812,35.4511,70.657532,-105.363213,0.139668,-0.610865,3
35501094813,35.5011,70.678703,-105.352539,0.145071,0.610865,3
35551094814,35.5511,70.701752,-105.342285,0.149952,0.610865,3
35601094814,35.6011,70.726372,-105.334297,0.152299,0.610865,3
35651094815,35.6511,70.752472,-105.329659,0.152637,0.610865,3
35701094816,35.7011,70.778473,-105.327263,0.151009,0.610865,3
35751094817,35.7511,70.804527,-105.326736,0.148395,0.610865,3
35801094817,35.8011,70.830673,-105.328033,0.144533,0.610865,3
35851094818,35.8511,70.856110,-105.330956,0.139298,0.610865,3
35901094819,35.9011,70.881851,-105.335526,0.133250,0.610865,3
35951094820,35.9511,70.907471,-105.340538,0.127115,0.610865,3
36001094820,36.0011,70.933495,-105.345795,0.120924,0.610865,3
36051094821,36.0511,70.959976,-105.351166,0.114449,0.610865,3
36101094822,36.1011,70.986076,-105.356728,0.108434,0.610865,3
36151094823,36.1511,71.012207,-105.362579,0.102148,0.610865,3
36201094823,36.2011,71.039040,-105.368591,0.095778,0.610865,3
36251094824,36.2511,71.066406,-105.375008,0.089311,0.610865,3
36301094825,36.3011,71.093803,-105.381538,0.082729,0.610865,3
36351094826,36.3511,71.121506,-105.388580,0.076301,0.610865,3
36401094826,36.4011,71.149719,-105.395668,0.069611,0.000000,3
36451094827,36.4511,71.156448,-105.397568,0.067855,0.000000,3
36501094828,36.5011,71.156410,-105.397568,0.067856,0.000000,3
36551094829,36.5511,71.156425,-105.397568,0.067856,0.000000,3
36601094829,36.6011,71.156464,-105.397552,0.067856,-0.610865,3
36651094830,36.6511,71.156494,-105.397537,0.067856,-0.610865,3
36701094831,36.7011,71.156517,-105.397545,0.067856,-0.610865,3
36751094832,36.7511,71.153191,-105.398178,0.067561,-0.610865,3
36801094832,36.8011,71.150230,-105.399178,0.066956,-0.610865,3
36851094833,36.8511,71.147621,-105.400040,0.066515,-0.610865,3
36901094834,36.9011,71.145264,-105.401176,0.065784,-0.610865,3
36951094835,36.9511,71.143005,-105.402008,0.065367,-0.610865,3
37001094835,37.0011,71.140884,-105.403076,0.064688,-0.610865,3
37051094836,37.0511,71.138809,-105.403824,0.064316,-0.610865,3
37101094837,37.1011,71.136856,-105.404816,0.063675,-0.610865,3
37151094838,37.1511,71.134911,-105.405518,0.063334,-0.610865,3
37201094838,37.2011,71.133041,-105.406433,0.062711,-0.610865,3
37251094839,37.2511,71.131126,-105.407097,0.062374,-0.610865,3
37301094840,37.3011,71.129234,-105.408028,0.061745,-0.610865,3
37351094841,37.3511,71.127266,-105.408691,0.061398,-0.610865,3
37401094841,37.4011,71.125313,-105.409653,0.060756,-0.610865,3
37451094842,37.4511,71.123291,-105.410347,0.060395,-0.610865,3
37501094843,37.5011,71.121269,-105.411316,0.059737,-0.610865,3
37551094844,37.5511,71.119186,-105.412048,0.059360,-0.610865,3
37601094844,37.6011,71.117104,-105.413055,0.058686,-0.610865,3
37651094845,37.6511,71.114952,-105.413788,0.058294,-0.610865,3
37701094846,37.7011,71.112808,-105.414810,0.057606,-0.610865,3
37751094846,37.7511,71.110596,-105.415596,0.057199,-0.610865,3
37801094847,37.8011,71.108391,-105.416641,0.056496,-0.610865,3
37851094848,37.8511,71.106125,-105.417412,0.056074,-0.610865,3
37901094849,37.9011,71.103859,-105.418465,0.055358,-0.610865,3
37951094849,37.9511,71.101540,-105.419296,0.054925,-0.610865,3
38001094850,38.0011,71.099236,-105.420380,0.054196,-0.610865,3
38051094851,38.0511,71.096863,-105.421188,0.053750,-0.610865,3
38101094852,38.1011,71.094505,-105.422272,0.053010,-0.610865,3
38151094852,38.1511,71.092094,-105.423103,0.052553,-0.610865,3
38201094853,38.2011,71.089699,-105.424225,0.051803,-0.610865,3
38251094854,38.2511,71.087242,-105.425087,0.051335,-0.610865,3
38301094855,38.3011,71.084793,-105.426208,0.050569,-0.610865,3
38351094855,38.3511,71.082268,-105.427071,0.050083,-0.610865,3
38401094856,38.4011,71.079742,-105.428230,0.049299,-0.610865,3
38451094857,38.4511,71.077141,-105.429131,0.048792,-0.610865,3
38501094858,38.5011,71.074532,-105.430290,0.047987,-0.610865,3
38551094858,38.5511,71.071266,-105.431541,0.047250,-0.610865,3
38601094859,38.6011,71.062866,-105.434570,0.045267,-0.610865,3
38651094860,38.6511,71.051414,-105.438972,0.042542,-0.610865,3
38701094861,38.7011,71.040436,-105.443062,0.039626,-0.610865,3
38751094861,38.7511,71.029350,-105.447296,0.036908,-0.610865,3
38801094862,38.8011,71.017120,-105.452179,0.033842,-0.610865,3
38851094863,38.8511,71.005630,-105.456413,0.030833,-0.610865,3
38901094864,38.9011,70.994568,-105.460632,0.028281,-0.610865,3
38951094864,38.9511,70.984146,-105.464394,0.025545,-0.610865,3
39001094865,39.0011,70.973663,-105.468369,0.022997,-0.610865,3
39051094866,39.0511,70.963593,-105.471939,0.020386,-0.610865,3
39101094867,39.1011,70.953362,-105.475639,0.017896,-0.610865,3
39151094867,39.1511,70.940552,-105.480278,0.014788,-0.610865,3
39201094868,39.2011,70.927734,-105.484810,0.011728,-0.610865,3
39251094869,39.2511,70.915611,-105.489296,0.008575,-0.610865,3
39301094870,39.3011,70.903542,-105.493584,0.005633,-0.610865,3
39351094870,39.3511,70.891113,-105.497948,0.002531,-0.610865,3
39401094871,39.4011,70.877708,-105.502632,-0.000974,-0.610865,3
39451094872,39.4511,70.862785,-105.507309,-0.004279,-0.610865,3
39501094873,39.5011,70.847549,-105.512482,-0.008080,-0.610865,3
39551094873,39.5511,70.832619,-105.517494,-0.011557,-0.610865,3
39601094874,39.6011,70.818764,-105.522263,-0.015028,-0.610865,3
39651094875,39.6511,70.804512,-105.526749,-0.018537,-0.610865,3
39701094876,39.7011,70.790207,-105.531197,-0.021808,-0.610865,3
39751094876,39.7511,70.775032,-105.535919,-0.025687,-0.610865,3
39801094877,39.8011,70.760635,-105.540428,-0.028965,-0.610865,3
39851094878,39.8511,70.746498,-105.544754,-0.032694,-0.610865,3
39901094879,39.9011,70.732857,-105.548988,-0.036034,-0.610865,3
39951094879,39.9511,70.719513,-105.552879,-0.039343,-0.610865,3
40001094880,40.0011,70.706139,-105.556961,-0.042557,-0.610865,3
40051094881,40.0511,70.691437,-105.561119,-0.046177,-0.610865,3
40101094882,40.1011,70.676651,-105.565475,-0.049572,-0.610865,3
40151094882,40.1511,70.662163,-105.569794,-0.053364,-0.610865,3
40201094883,40.2011,70.647697,-105.573936,-0.056866,-0.610865,3
40251094884,40.2511,70.633842,-105.577812,-0.060213,-0.610865,3
40301094884,40.3011,70.620026,-105.581703,-0.063549,-0.610865,3
40351094885,40.3511,70.606888,-105.585281,-0.066724,-0.610865,3
40401094886,40.4011,70.593307,-105.588844,-0.070137,-0.610865,3
40451094887,40.4511,70.578339,-105.592575,-0.073653,-0.610865,3
40501094887,40.5011,70.562920,-105.596764,-0.077488,-0.610865,3
40551094888,40.5511,70.546593,-105.600830,-0.081484,-0.610865,3
40601094889,40.6011,70.530914,-105.604820,-0.085118,-0.610865,3
40651094890,40.6511,70.514061,-105.608925,-0.089250,-0.610865,3
40701094890,40.7011,70.497932,-105.613022,-0.092998,-0.610865,3
40751094891,40.7511,70.479698,-105.617149,-0.097339,0.610865,3
40801094892,40.8011,70.461388,-105.620651,-0.100937,0.610865,3
40851094893,40.8511,70.442329,-105.621544,-0.103172,0.610865,3
40901094893,40.9011,70.424896,-105.620148,-0.103209,0.610865,3
40951094894,40.9511,70.407852,-105.617065,-0.102399,0.610865,3
41001094895,41.0011,70.391205,-105.612984,-0.100509,0.610865,3
41051094896,41.0511,70.374649,-105.607925,-0.097791,0.610865,3
41101094896,41.1011,70.358009,-105.601601,-0.094108,0.610865,3
41151094897,41.1511,70.342659,-105.594917,-0.090473,0.610865,3
41201094898,41.2011,70.327187,-105.588036,-0.086190,0.610865,3
41251094899,41.2511,70.312149,-105.581459,-0.082498,0.610865,3
41301094899,41.3011,70.297157,-105.574890,-0.078530,0.610865,3
41351094900,41.3511,70.282364,-105.568359,-0.074983,0.610865,3
41401094901,41.4011,70.265938,-105.561432,-0.070869,0.610865,3
41451094902,41.4511,70.248894,-105.554230,-0.066379,0.610865,3
41501094902,41.5011,70.231674,-105.547081,-0.062219,0.610865,3
41551094903,41.5511,70.212479,-105.539223,-0.057102,0.610865,3
41601094904,41.6011,70.193695,-105.531494,-0.052567,0.610865,3
41651094905,41.6511,70.175606,-105.524345,-0.047874,0.610865,3
41701094905,41.7011,70.158302,-105.517548,-0.043670,0.610865,3
41751094906,41.7511,70.140968,-105.510376,-0.039282,0.610865,3
41801094907,41.8011,70.121719,-105.503021,-0.034414,0.610865,3
41851094908,41.8511,70.101120,-105.495239,-0.029388,0.610865,3
41901094908,41.9011,70.080093,-105.487793,-0.024035,0.610865,3
41951094909,41.9511,70.061005,-105.480713,-0.019352,0.610865,3
42001094910,42.0011,70.042900,-105.474365,-0.014893,0.610865,3
42051094911,42.0511,70.024284,-105.467644,-0.010441,0.610865,3
42101094911,42.1011,70.002914,-105.460396,-0.005458,0.610865,3
42151094912,42.1511,69.981583,-105.453163,0.000010,0.610865,3
42201094913,42.2011,69.961250,-105.446426,0.005043,0.000000,4
42251094914,42.2511,69.956818,-105.444946,0.005669,0.000000,4
42301094914,42.3011,69.956841,-105.444962,0.005668,0.000000,4
42351094915,42.3511,69.956833,-105.444962,0.005668,-0.610865,4
42401094916,42.4011,69.956802,-105.444977,0.005668,-0.610865,4
42451094917,42.4511,69.956802,-105.444977,0.005662,-0.610865,4
42501094917,42.5011,69.959930,-105.444450,0.006261,-0.610865,4
42551094918,42.5511,69.963753,-105.443512,0.007024,-0.610865,4
42601094919,42.6011,69.970375,-105.441620,0.008524,-0.610865,4
42651094920,42.6511,69.976143,-105.439598,0.009918,-0.610865,4
42701094920,42.7011,69.982918,-105.437233,0.011821,-0.610865,4
42751094921,42.7511,69.989777,-105.434868,0.013502,-0.610865,4
42801094922,42.8011,69.997002,-105.432312,0.015360,-0.610865,4
42851094922,42.8511,70.005226,-105.429420,0.017231,-0.610865,4
42901094923,42.9011,70.014366,-105.426170,0.019525,-0.610865,4
42951094924,42.9511,70.024620,-105.422485,0.022271,-0.610865,4
43001094925,43.0011,70.036064,-105.418526,0.025142,-0.610865,4
43051094925,43.0511,70.048401,-105.413925,0.028452,-0.610865,4
43101094926,43.1011,70.062035,-105.408905,0.031815,-0.610865,4
43151094927,43.1511,70.075371,-105.403786,0.034992,-0.610865,4
43201094928,43.2011,70.088669,-105.398827,0.038470,-0.610865,4
43251094928,43.2511,70.102753,-105.393417,0.041932,-0.610865,4
43301094929,43.3011,70.117775,-105.387711,0.045562,-0.610865,4
43351094930,43.3511,70.133362,-105.381699,0.049402,-0.610865,4
43401094931,43.4011,70.149780,-105.375252,0.053687,-0.610865,4
43451094931,43.4511,70.166023,-105.368660,0.057718,-0.610865,4
43501094932,43.5011,70.182007,-105.362183,0.061875,-0.610865,4
43551094933,43.5511,70.198326,-105.355553,0.065928,-0.610865,4
43601094934,43.6011,70.214348,-105.348930,0.070311,-0.610865,4
43651094934,43.6511,70.230537,-105.341934,0.074265,-0.610865,4
43701094935,43.7011,70.247383,-105.334900,0.078522,-0.610865,4
43751094936,43.7511,70.265190,-105.327446,0.083225,-0.610865,4
43801094937,43.8011,70.282341,-105.319946,0.087733,-0.610865,4
43851094937,43.8511,70.299713,-105.312332,0.092056,-0.610865,4
43901094938,43.9011,70.318092,-105.304245,0.096863,-0.610865,4
43951094939,43.9511,70.337036,-105.295700,0.101872,-0.610865,4
44001094940,44.0011,70.356499,-105.286736,0.106695,-0.610865,4
44051094940,44.0511,70.376160,-105.277817,0.111877,-0.610865,4
44101094941,44.1011,70.396568,-105.268341,0.117218,-0.610865,4
44151094942,44.1511,70.417358,-105.258614,0.122903,-0.610865,4
44201094943,44.2011,70.437981,-105.248604,0.127953,-0.610865,4
44251094943,44.2511,70.458679,-105.238670,0.133439,-0.610865,4
44301094944,44.3011,70.479858,-105.228363,0.138976,-0.610865,4
44351094945,44.3511,70.501373,-105.217644,0.144559,-0.610865,4
44401094946,44.4011,70.523430,-105.206451,0.150274,-0.610865,4
44451094946,44.4511,70.546028,-105.194901,0.156354,-0.610865,4
44501094947,44.5011,70.568794,-105.182770,0.162200,-0.610865,4
44551094948,44.5511,70.591370,-105.171021,0.168243,0.610865,4
44601094949,44.6011,70.615013,-105.159775,0.173255,0.610865,4
44651094949,44.6511,70.640427,-105.151016,0.175852,0.610865,4
44701094950,44.7011,70.666748,-105.145386,0.175658,0.610865,4
44751094951,44.7511,70.693672,-105.142365,0.174346,0.610865,4
44801094952,44.8011,70.720924,-105.141075,0.171309,0.610865,4
44851094952,44.8511,70.748253,-105.141792,0.167539,0.610865,4
44901094953,44.9011,70.775139,-105.144379,0.162205,0.610865,4
44951094954,44.9511,70.801590,-105.148643,0.155851,0.610865,4
45001094955,45.0011,70.828125,-105.153320,0.149557,0.610865,4
45051094955,45.0511,70.855255,-105.158150,0.143363,0.610865,4
45101094956,45.1011,70.882690,-105.163231,0.136927,0.610865,4
45151094957,45.1511,70.909477,-105.168488,0.130683,0.610865,4
45201094957,45.2011,70.937233,-105.174049,0.124172,0.610865,4
45251094958,45.2511,70.964417,-105.179726,0.117846,0.610865,4
45301094959,45.3011,70.992554,-105.185722,0.111278,0.610865,4
45351094960,45.3511,71.020119,-105.191841,0.104884,0.610865,4
45401094960,45.4011,71.048630,-105.198296,0.098238,0.610865,4
45451094961,45.4511,71.076523,-105.204865,0.091768,0.610865,4
45501094962,45.5011,71.105347,-105.211792,0.085025,0.610865,4
45551094963,45.5511,71.133568,-105.218834,0.078463,0.000000,4
45601094963,45.6011,71.141289,-105.220963,0.076360,0.000000,4
45651094964,45.6511,71.141243,-105.220955,0.076361,0.000000,4
45701094965,45.7011,71.141266,-105.220955,0.076361,0.000000,4
45751094966,45.7511,71.141304,-105.220947,0.076361,-0.610865,4
45801094966,45.8011,71.141335,-105.220924,0.076361,-0.610865,4
45851094967,45.8511,71.141357,-105.220932,0.076361,-0.610865,4
45901094968,45.9011,71.138031,-105.221581,0.076066,-0.610865,4
45951094969,45.9511,71.135078,-105.222595,0.075461,-0.610865,4
46001094969,46.0011,71.132469,-105.223480,0.075020,-0.610865,4
46051094970,46.0511,71.130119,-105.224648,0.074288,-0.610865,4
46101094971,46.1011,71.127861,-105.225502,0.073871,-0.610865,4
46151094972,46.1511,71.125755,-105.226578,0.073192,-0.610865,4
46201094972,46.2011,71.123695,-105.227348,0.072820,-0.610865,4
46251094973,46.2511,71.121750,-105.228355,0.072179,-0.610865,4
46301094974,46.3011,71.119804,-105.229073,0.071837,-0.610865,4
46351094975,46.3511,71.117950,-105.230026,0.071214,-0.610865,4
46401094975,46.4011,71.116035,-105.230690,0.070878,-0.610865,4
46451094976,46.4511,71.114151,-105.231651,0.070248,-0.610865,4
46501094977,46.5011,71.112198,-105.232353,0.069902,-0.610865,4
46551094978,46.5511,71.110245,-105.233315,0.069259,-0.610865,4
46601094978,46.6011,71.108231,-105.234024,0.068898,-0.610865,4
46651094979,46.6511,71.106216,-105.235023,0.068240,-0.610865,4
46701094980,46.7011,71.104141,-105.235771,0.067864,-0.610865,4
46751094981,46.7511,71.102058,-105.236778,0.067190,-0.610865,4
46801094981,46.8011,71.099915,-105.237534,0.066797,-0.610865,4
46851094982,46.8511,71.097778,-105.238594,0.066108,-0.610865,4
46901094983,46.9011,71.095573,-105.239372,0.065701,-0.610865,4
46951094984,46.9511,71.093376,-105.240417,0.064998,-0.610865,4
47001094984,47.0011,71.091110,-105.241241,0.064577,-0.610865,4
47051094985,47.0511,71.088860,-105.242332,0.063860,-0.610865,4
47101094986,47.1011,71.086548,-105.243149,0.063426,-0.610865,4
47151094987,47.1511,71.084244,-105.244232,0.062697,-0.610865,4
47201094987,47.2011,71.081886,-105.245087,0.062251,-0.610865,4
47251094988,47.2511,71.079536,-105.246216,0.061511,-0.610865,4
47301094989,47.3011,71.077133,-105.247078,0.061055,-0.610865,4
47351094990,47.3511,71.074745,-105.248199,0.060304,-0.610865,4
47401094990,47.4011,71.072296,-105.249062,0.059835,-0.610865,4
47451094991,47.4511,71.069847,-105.250214,0.059070,-0.610865,4
47501094992,47.5011,71.067337,-105.251114,0.058585,-0.610865,4
47551094993,47.5511,71.064812,-105.252274,0.057798,-0.610865,4
47601094993,47.6011,71.062202,-105.253220,0.057292,-0.610865,4
47651094994,47.6511,71.059624,-105.254425,0.056488,-0.610865,4
47701094995,47.7011,71.055923,-105.255836,0.055436,-0.610865,4
47751094995,47.7511,71.047188,-105.259117,0.053055,-0.610865,4
47801094996,47.8011,71.036415,-105.263275,0.050590,-0.610865,4
47851094997,47.8511,71.023277,-105.268417,0.047038,-0.610865,4
47901094998,47.9011,71.010406,-105.273521,0.043946,-0.610865,4
47951094998,47.9511,70.997520,-105.278786,0.040598,-0.610865,4
48001094999,48.0011,70.983551,-105.283905,0.037046,-0.610865,4
48051095000,48.0511,70.970505,-105.289062,0.033744,-0.610865,4
48101095001,48.1011,70.952576,-105.295555,0.029369,-0.610865,4
48151095001,48.1511,70.934853,-105.301880,0.024836,-0.610865,4
48201095002,48.2011,70.917969,-105.308006,0.020621,-0.610865,4
48251095003,48.2511,70.901115,-105.314323,0.016222,-0.610865,4
48301095004,48.3011,70.885162,-105.320107,0.012417,-0.610865,4
48351095004,48.3511,70.869240,-105.326073,0.008298,-0.610865,4
48401095005,48.4011,70.851089,-105.332428,0.003771,-0.610865,4
48451095006,48.4511,70.832779,-105.338692,-0.000651,-0.610865,4
48501095007,48.5011,70.814552,-105.344818,-0.005213,-0.610865,4
48551095007,48.5511,70.796829,-105.350800,-0.009509,-0.610865,4
48601095008,48.6011,70.779694,-105.356422,-0.013884,-0.610865,4
48651095009,48.6511,70.762474,-105.362114,-0.018026,-0.610865,4
48701095010,48.7011,70.745934,-105.367310,-0.022223,-0.610865,4
48751095010,48.7511,70.729614,-105.372421,-0.026090,-0.610865,4
48801095011,48.8011,70.713875,-105.377625,-0.030056,-0.610865,4
48851095012,48.8511,70.697403,-105.382744,-0.034025,-0.610865,4
48901095013,48.9011,70.680962,-105.387733,-0.038285,-0.610865,4
48951095013,48.9511,70.665054,-105.392487,-0.042105,-0.610865,4
49001095014,49.0011,70.649078,-105.397285,-0.046180,-0.610865,4
49051095015,49.0511,70.633469,-105.401840,-0.049799,-0.610865,4
49101095016,49.1011,70.618698,-105.405975,-0.053532,-0.610865,4
49151095016,49.1511,70.603477,-105.410385,-0.057263,-0.610865,4
49201095017,49.2011,70.587959,-105.414688,-0.060730,-0.610865,4
49251095018,49.2511,70.569733,-105.419525,-0.065479,-0.610865,4
49301095019,49.3011,70.551704,-105.424324,-0.069932,-0.610865,4
49351095019,49.3511,70.533836,-105.429047,-0.074333,-0.610865,4
49401095020,49.4011,70.516632,-105.433456,-0.078342,-0.610865,4
49451095021,49.4511,70.499443,-105.437996,-0.082578,-0.610865,4
49501095022,49.5011,70.482811,-105.442253,-0.086558,0.610865,4
49551095022,49.5511,70.466850,-105.445358,-0.089566,0.610865,4
49601095023,49.6011,70.449829,-105.446480,-0.091220,0.610865,4
49651095024,49.6511,70.433556,-105.445457,-0.091277,0.610865,4
49701095025,49.7011,70.418076,-105.443047,-0.090391,0.610865,4
49751095025,49.7511,70.403206,-105.439667,-0.088888,0.610865,4
49801095026,49.8011,70.388344,-105.435272,-0.086391,0.610865,4
49851095027,49.8511,70.374504,-105.430244,-0.083617,0.610865,4
49901095028,49.9011,70.360840,-105.424164,-0.080004,0.610865,4
49951095028,49.9511,70.346626,-105.418053,-0.076385,0.610865,4
50001095029,50.0011,70.332924,-105.412155,-0.072887,0.610865,4
50051095030,50.0511,70.315079,-105.404945,-0.068373,0.610865,4
50101095031,50.1011,70.296890,-105.397499,-0.063881,0.610865,4
50151095031,50.1511,70.278664,-105.389740,-0.059148,0.610865,4
50201095032,50.2011,70.260490,-105.382431,-0.054580,0.610865,4
50251095033,50.2511,70.240402,-105.374649,-0.049820,0.610865,4
50301095033,50.3011,70.220535,-105.366783,-0.044608,0.610865,4
50351095034,50.3511,70.202049,-105.359512,-0.040136,0.610865,4
50401095035,50.4011,70.184006,-105.352684,-0.035497,0.610865,4
50451095036,50.4511,70.166832,-105.346107,-0.031456,0.610865,4
50501095036,50.5011,70.149811,-105.339676,-0.027019,0.610865,4
50551095037,50.5511,70.132805,-105.333389,-0.022934,0.610865,4
50601095038,50.6011,70.114258,-105.326538,-0.017939,0.610865,4
50651095039,50.6511,70.095688,-105.319855,-0.013259,0.610865,4
50701095039,50.7011,70.077530,-105.313377,-0.008655,0.610865,4
50751095040,50.7511,70.060165,-105.307617,-0.004239,0.610865,4
50801095041,50.8011,70.044083,-105.301971,-0.000381,0.610865,4
50851095042,50.8511,70.027939,-105.296570,0.003582,0.000000,5
50901095042,50.9011,70.024261,-105.295372,0.004112,0.000000,5
50951095043,50.9511,70.024284,-105.295357,0.004112,0.000000,5
51001095044,51.0011,70.024269,-105.295380,0.004112,-0.610865,5
51051095045,51.0511,70.024246,-105.295395,0.004112,-0.610865,5
51101095045,51.1011,70.024239,-105.295387,0.004106,-0.610865,5
51151095046,51.1511,70.027374,-105.294891,0.004704,-0.610865,5
51201095047,51.2011,70.030426,-105.294098,0.005392,-0.610865,5
51251095048,51.2511,70.035645,-105.292686,0.006640,-0.610865,5
51301095048,51.3011,70.042725,-105.290329,0.008412,-0.610865,5
51351095049,51.3511,70.050392,-105.287651,0.010124,-0.610865,5
51401095050,51.4011,70.060104,-105.284439,0.012638,-0.610865,5
51451095051,51.4511,70.069107,-105.281258,0.014863,-0.610865,5
51501095051,51.5011,70.078941,-105.277740,0.017433,-0.610865,5
51551095052,51.5511,70.088257,-105.274330,0.020063,-0.610865,5
51601095053,51.6011,70.097984,-105.270821,0.022508,-0.610865,5
51651095054,51.6511,70.108276,-105.266991,0.025231,-0.610865,5
51701095054,51.7011,70.120018,-105.262810,0.027882,-0.610865,5
51751095055,51.7511,70.132744,-105.258209,0.031298,-0.610865,5
51801095056,51.8011,70.145172,-105.253563,0.034224,-0.610865,5
51851095057,51.8511,70.158257,-105.248589,0.037492,-0.610865,5
51901095057,51.9011,70.171349,-105.243637,0.040983,-0.610865,5
51951095058,51.9511,70.185242,-105.238281,0.044685,-0.610865,5
52001095059,52.0011,70.199707,-105.232635,0.048545,-0.610865,5
52051095060,52.0511,70.214775,-105.226746,0.052135,-0.610865,5
52101095060,52.1011,70.230637,-105.220398,0.056345,-0.610865,5
52151095061,52.1511,70.247414,-105.213539,0.060685,-0.610865,5
52201095062,52.2011,70.264076,-105.206650,0.064967,-0.610865,5
52251095063,52.2511,70.282196,-105.199081,0.069580,-0.610865,5
52301095063,52.3011,70.299881,-105.191551,0.074167,-0.610865,5
52351095064,52.3511,70.318581,-105.183594,0.078915,-0.610865,5
52401095065,52.4011,70.337379,-105.175453,0.083526,-0.610865,5
52451095066,52.4511,70.356361,-105.167114,0.088578,-0.610865,5
52501095066,52.5011,70.374878,-105.158844,0.093394,-0.610865,5
52551095067,52.5511,70.393204,-105.150681,0.098068,-0.610865,5
52601095068,52.6011,70.412315,-105.142136,0.103152,-0.610865,5
52651095069,52.6511,70.432114,-105.133217,0.108230,-0.610865,5
52701095069,52.7011,70.453003,-105.123482,0.113543,-0.610865,5
52751095070,52.7511,70.474014,-105.113571,0.119251,-0.610865,5
52801095071,52.8011,70.494492,-105.103775,0.124455,-0.610865,5
52851095071,52.8511,70.515800,-105.093407,0.129982,-0.610865,5
52901095072,52.9011,70.537415,-105.082832,0.135386,-0.610865,5
52951095073,52.9511,70.559975,-105.071739,0.141264,-0.610865,5
53001095074,53.0011,70.582916,-105.060143,0.147356,-0.610865,5
53051095074,53.0511,70.606529,-105.047920,0.153592,-0.610865,5
53101095075,53.1011,70.629623,-105.035851,0.159603,0.610865,5
53151095076,53.1511,70.654114,-105.024467,0.164867,0.610865,5
53201095077,53.2011,70.679619,-105.015900,0.167503,0.610865,5
53251095077,53.2511,70.706886,-105.010399,0.167495,0.610865,5
53301095078,53.3011,70.734062,-105.007401,0.165909,0.610865,5
53351095079,53.3511,70.762032,-105.006416,0.163283,0.610865,5
53401095080,53.4011,70.790367,-105.007355,0.158903,0.610865,5
53451095080,53.4511,70.818512,-105.010223,0.153274,0.610865,5
53501095081,53.5011,70.846878,-105.014763,0.146765,0.610865,5
53551095082,53.5511,70.874504,-105.019859,0.140546,0.610865,5
53601095083,53.6011,70.901573,-105.024948,0.134142,0.610865,5
53651095083,53.6511,70.929153,-105.030243,0.127485,0.610865,5
53701095084,53.7011,70.957504,-105.035728,0.120784,0.610865,5
53751095085,53.7511,70.985672,-105.041573,0.114286,0.610865,5
53801095086,53.8011,71.014038,-105.047661,0.107545,0.610865,5
53851095086,53.8511,71.042877,-105.054062,0.100807,0.610865,5
53901095087,53.9011,71.071884,-105.060425,0.093756,0.610865,5
53951095088,53.9511,71.101456,-105.067390,0.086763,0.610865,5
54001095089,54.0011,71.130196,-105.074493,0.080090,0.610865,5
54051095089,54.0511,71.159752,-105.081947,0.073148,0.000000,5
54101095090,54.1011,71.167160,-105.084015,0.071159,0.000000,5
54151095091,54.1511,71.167114,-105.084000,0.071160,0.000000,5
54201095092,54.2011,71.167137,-105.084000,0.071160,0.000000,5
54251095092,54.2511,71.167175,-105.083992,0.071160,-0.610865,5
54301095093,54.3011,71.167206,-105.083984,0.071160,-0.610865,5
54351095094,54.3511,71.167236,-105.083984,0.071160,-0.610865,5
54401095095,54.4011,71.163902,-105.084618,0.070864,-0.610865,5
54451095095,54.4511,71.160950,-105.085625,0.070258,-0.610865,5
54501095096,54.5011,71.158333,-105.086494,0.069816,-0.610865,5
54551095097,54.5511,71.155983,-105.087654,0.069085,-0.610865,5
54601095098,54.6011,71.153725,-105.088501,0.068667,-0.610865,5
54651095098,54.6511,71.151604,-105.089569,0.067988,-0.610865,5
54701095099,54.7011,71.149536,-105.090332,0.067616,-0.610865,5
54751095100,54.7511,71.147583,-105.091316,0.066974,-0.610865,5
54801095101,54.8011,71.145645,-105.092018,0.066632,-0.610865,5
54851095101,54.8511,71.143768,-105.092949,0.066009,-0.610865,5
54901095102,54.9011,71.141861,-105.093597,0.065672,-0.610865,5
54951095103,54.9511,71.139961,-105.094528,0.065042,-0.610865,5
55001095104,55.0011,71.138000,-105.095222,0.064695,-0.610865,5
55051095104,55.0511,71.136040,-105.096191,0.064052,-0.610865,5
55101095105,55.1011,71.134026,-105.096893,0.063691,-0.610865,5
55151095106,55.1511,71.132004,-105.097870,0.063032,-0.610865,5
55201095107,55.2011,71.129929,-105.098610,0.062655,-0.610865,5
55251095107,55.2511,71.127846,-105.099617,0.061981,-0.610865,5
55301095108,55.3011,71.125694,-105.100349,0.061589,-0.610865,5
55351095109,55.3511,71.123550,-105.101395,0.060900,-0.610865,5
55401095109,55.4011,71.121338,-105.102173,0.060493,-0.610865,5
55451095110,55.4511,71.119141,-105.103218,0.059790,-0.610865,5
55501095111,55.5011,71.116875,-105.104004,0.059368,-0.610865,5
55551095112,55.5511,71.114616,-105.105087,0.058651,-0.610865,5
55601095112,55.6011,71.112297,-105.105904,0.058218,-0.610865,5
55651095113,55.6511,71.109985,-105.106987,0.057489,-0.610865,5
55701095114,55.7011,71.107628,-105.107803,0.057043,-0.610865,5
55751095115,55.7511,71.105270,-105.108902,0.056303,-0.610865,5
55801095115,55.8011,71.102867,-105.109764,0.055846,-0.610865,5
55851095116,55.8511,71.100471,-105.110886,0.055095,-0.610865,5
55901095117,55.9011,71.098015,-105.111748,0.054627,-0.610865,5
55951095118,55.9511,71.095566,-105.112869,0.053860,-0.610865,5
56001095118,56.0011,71.093048,-105.113770,0.053373,-0.610865,5
56051095119,56.0511,71.090508,-105.114929,0.052586,-0.610865,5
56101095120,56.1011,71.087906,-105.115837,0.052080,-0.610865,5
56151095121,56.1511,71.085266,-105.117035,0.051271,-0.610865,5
56201095121,56.2011,71.079689,-105.119034,0.049541,-0.610865,5
56251095122,56.2511,71.071114,-105.122208,0.047303,-0.610865,5
56301095123,56.3011,71.062752,-105.125504,0.045408,-0.610865,5
56351095124,56.3511,71.051460,-105.129723,0.042667,-0.610865,5
56401095124,56.4011,71.040154,-105.134148,0.040153,-0.610865,5
56451095125,56.4511,71.028496,-105.138496,0.037243,-0.610865,5
56501095126,56.5011,71.017380,-105.142914,0.034344,-0.610865,5
56551095127,56.5511,71.005661,-105.147392,0.031317,-0.610865,5
56601095127,56.6011,70.994194,-105.151749,0.028243,-0.610865,5
56651095128,56.6511,70.980431,-105.156677,0.024994,-0.610865,5
56701095129,56.7011,70.966904,-105.161453,0.021442,-0.610865,5
56751095130,56.7511,70.952408,-105.166794,0.017990,-0.610865,5
56801095130,56.8011,70.937790,-105.172134,0.014079,-0.610865,5
56851095131,56.8511,70.923706,-105.177193,0.010739,-0.610865,5
56901095132,56.9011,70.910385,-105.181747,0.007189,-0.610865,5
56951095133,56.9511,70.897285,-105.186440,0.004218,-0.610865,5
57001095133,57.0011,70.884880,-105.190575,0.001039,-0.610865,5
57051095134,57.0511,70.872398,-105.194984,-0.002000,-0.610865,5
57101095135,57.1011,70.860962,-105.198700,-0.004951,-0.610865,5
57151095136,57.1511,70.849327,-105.202705,-0.007845,-0.610865,5
57201095136,57.2011,70.838135,-105.206406,-0.010735,-0.610865,5
57251095137,57.2511,70.825180,-105.210464,-0.013959,-0.610865,5
57301095138,57.3011,70.811882,-105.214607,-0.017247,-0.610865,5
57351095139,57.3511,70.799057,-105.218750,-0.020388,-0.610865,5
57401095139,57.4011,70.786819,-105.222572,-0.023302,-0.610865,5
57451095140,57.4511,70.774033,-105.226479,-0.026574,-0.610865,5
57501095141,57.5011,70.758789,-105.231064,-0.030314,-0.610865,5
57551095142,57.5511,70.743881,-105.235779,-0.034214,-0.610865,5
57601095142,57.6011,70.729057,-105.240105,-0.038154,-0.610865,5
57651095143,57.6511,70.712570,-105.244942,-0.042101,-0.610865,5
57701095144,57.7011,70.696449,-105.249878,-0.046151,-0.610865,5
57751095145,57.7511,70.679901,-105.254570,-0.050124,-0.610865,5
57801095145,57.8011,70.662468,-105.259537,-0.054580,-0.610865,5
57851095146,57.8511,70.645470,-105.264404,-0.058496,-0.610865,5
57901095147,57.9011,70.628922,-105.268837,-0.062727,-0.610865,5
57951095147,57.9511,70.613174,-105.273094,-0.066358,-0.610865,5
58001095148,58.0011,70.597366,-105.277328,-0.070097,-0.610865,5
58051095149,58.0511,70.582413,-105.281494,-0.073857,-0.610865,5
58101095150,58.1011,70.566658,-105.285767,-0.077701,-0.610865,5
58151095150,58.1511,70.550766,-105.289940,-0.081611,-0.610865,5
58201095151,58.2011,70.535408,-105.293732,-0.085195,-0.610865,5
58251095152,58.2511,70.520576,-105.297508,-0.088725,-0.610865,5
58301095153,58.3011,70.505341,-105.301308,-0.092369,-0.610865,5
58351095153,58.3511,70.490311,-105.304840,-0.096142,0.610865,5
58401095154,58.4011,70.475044,-105.307625,-0.099084,0.610865,5
58451095155,58.4511,70.459526,-105.308510,-0.100755,0.610865,5
58501095156,58.5011,70.444366,-105.307388,-0.100735,0.610865,5
58551095156,58.5511,70.430260,-105.305084,-0.099838,0.610865,5
58601095157,58.6011,70.417023,-105.301933,-0.098294,0.610865,5
58651095158,58.6511,70.404457,-105.298058,-0.096478,0.610865,5
58701095159,58.7011,70.391121,-105.292976,-0.093574,0.610865,5
58751095159,58.7511,70.378662,-105.287529,-0.090272,0.610865,5
58801095160,58.8011,70.366837,-105.282295,-0.087433,0.610865,5
58851095161,58.8511,70.355469,-105.277306,-0.084382,0.610865,5
58901095162,58.9011,70.343414,-105.272179,-0.081321,0.610865,5
58951095162,58.9511,70.330467,-105.266563,-0.078102,0.610865,5
59001095163,59.0011,70.314201,-105.259666,-0.073879,0.610865,5
59051095164,59.0511,70.297600,-105.252556,-0.069940,0.610865,5
59101095165,59.1011,70.280846,-105.245575,-0.065668,0.610865,5
59151095165,59.1511,70.262276,-105.238075,-0.060848,0.610865,5
59201095166,59.2011,70.244392,-105.230759,-0.056630,0.610865,5
59251095167,59.2511,70.227325,-105.224022,-0.052194,0.610865,5
59301095168,59.3011,70.210533,-105.217224,-0.048013,0.610865,5
59351095168,59.3511,70.194283,-105.210922,-0.043840,0.610865,5
59401095169,59.4011,70.178047,-105.204460,-0.039872,0.610865,5
59451095170,59.4511,70.162834,-105.198601,-0.035963,0.610865,5
59501095171,59.5011,70.146843,-105.192436,-0.031948,0.610865,5
59551095171,59.5511,70.130867,-105.186531,-0.027786,0.610865,5
59601095172,59.6011,70.115021,-105.180580,-0.023890,0.610865,5
59651095173,59.6511,70.100006,-105.175095,-0.020105,0.610865,5
59701095174,59.7011,70.084908,-105.169525,-0.016415,0.610865,5
59751095174,59.7511,70.070541,-105.164551,-0.012753,0.610865,5
59801095175,59.8011,70.055779,-105.159256,-0.009089,0.610865,5
59851095176,59.8511,70.038383,-105.153435,-0.004884,0.610865,5
59901095177,59.9011,70.017593,-105.146576,0.000524,0.610865,5
59951095177,59.9511,69.997643,-105.139877,0.005295,0.000000,6
60001095178,60.0011,69.994621,-105.138672,0.006435,0.000000,6
60051095179,60.0511,69.994644,-105.138672,0.006434,0.000000,6
60101095180,60.1011,69.994629,-105.138672,0.006434,0.000000,6
60151095180,60.1511,69.994614,-105.138687,0.006434,-0.610865,6
60201095181,60.2011,69.994591,-105.138687,0.006434,-0.610865,6
60251095182,60.2511,69.994576,-105.138672,0.006434,-0.610865,6
60301095183,60.3011,69.996376,-105.138374,0.006637,-0.610865,6
60351095183,60.3511,69.998886,-105.137779,0.007077,-0.610865,6
60401095184,60.4011,70.000481,-105.137245,0.007445,-0.610865,6
60451095185,60.4511,70.003571,-105.136147,0.008355,-0.610865,6
60501095185,60.5011,70.006905,-105.134926,0.009497,-0.610865,6
60551095186,60.5511,70.010857,-105.133545,0.010321,-0.610865,6
60601095187,60.6011,70.015800,-105.131882,0.011625,-0.610865,6
60651095188,60.6511,70.022736,-105.129677,0.013342,-0.610865,6
60701095188,60.7011,70.031197,-105.126854,0.015555,-0.610865,6
60751095189,60.7511,70.038742,-105.124176,0.017592,-0.610865,6
60801095190,60.8011,70.046783,-105.121284,0.019656,-0.610865,6
60851095191,60.8511,70.055923,-105.118027,0.022038,-0.610865,6
60901095191,60.9011,70.065735,-105.114685,0.024582,-0.610865,6
60951095192,60.9511,70.074486,-105.111374,0.026712,-0.610865,6
61001095193,61.0011,70.084152,-105.107887,0.029297,-0.610865,6
61051095194,61.0511,70.094055,-105.104088,0.031768,-0.610865,6
61101095194,61.1011,70.105583,-105.099991,0.034790,-0.610865,6
61151095195,61.1511,70.118423,-105.095253,0.038101,-0.610865,6
61201095196,61.2011,70.131889,-105.090225,0.041338,-0.610865,6
61251095197,61.2511,70.146141,-105.084625,0.045218,-0.610865,6
61301095197,61.3011,70.160858,-105.078735,0.048859,-0.610865,6
61351095198,61.3511,70.175598,-105.072830,0.052821,-0.610865,6
61401095199,61.4011,70.191994,-105.066231,0.057078,-0.610865,6
61451095200,61.4511,70.208290,-105.059532,0.061087,-0.610865,6
61501095200,61.5011,70.224648,-105.052910,0.065233,-0.610865,6
61551095201,61.5511,70.241119,-105.046074,0.069881,-0.610865,6
61601095202,61.6011,70.258842,-105.038628,0.074430,-0.610865,6
61651095203,61.6511,70.276466,-105.030991,0.078811,-0.610865,6
61701095203,61.7011,70.294083,-105.023560,0.083476,-0.610865,6
61751095204,61.7511,70.312256,-105.015747,0.088097,-0.610865,6
61801095205,61.8011,70.330612,-105.007576,0.092953,-0.610865,6
61851095206,61.8511,70.349747,-104.999100,0.097764,-0.610865,6
61901095206,61.9011,70.369171,-104.990150,0.102880,-0.610865,6
61951095207,61.9511,70.389961,-104.980698,0.108306,-0.610865,6
62001095208,62.0011,70.410828,-104.970863,0.113730,-0.610865,6
62051095209,62.0511,70.431763,-104.961220,0.119124,-0.610865,6
62101095209,62.1011,70.452667,-104.951225,0.124211,-0.610865,6
62151095210,62.1511,70.474396,-104.940659,0.129923,-0.610865,6
62201095211,62.2011,70.496056,-104.930008,0.135494,-0.610865,6
62251095212,62.2511,70.517876,-104.919235,0.141327,-0.610865,6
62301095212,62.3011,70.539864,-104.908035,0.146756,-0.610865,6
62351095213,62.3511,70.562408,-104.896729,0.153003,-0.610865,6
62401095214,62.4011,70.585686,-104.884766,0.158716,-0.610865,6
62451095215,62.4511,70.608688,-104.872612,0.164978,0.610865,6
62501095215,62.5011,70.632462,-104.861359,0.169722,0.610865,6
62551095216,62.5511,70.658340,-104.852516,0.172540,0.610865,6
62601095217,62.6011,70.684395,-104.846931,0.172458,0.610865,6
62651095218,62.6511,70.711227,-104.843803,0.170749,0.610865,6
62701095218,62.7011,70.737366,-104.842606,0.167904,0.610865,6
62751095219,62.7511,70.763672,-104.843208,0.163899,0.610865,6
62801095220,62.8011,70.790306,-104.845703,0.158683,0.610865,6
62851095221,62.8511,70.816063,-104.849648,0.152700,0.610865,6
62901095221,62.9011,70.842697,-104.854301,0.146418,0.610865,6
62951095222,62.9511,70.868736,-104.859138,0.140340,0.610865,6
63001095223,63.0011,70.895775,-104.864288,0.133991,0.610865,6
63051095223,63.0511,70.922264,-104.869568,0.127807,0.610865,6
63101095224,63.1011,70.949776,-104.875175,0.121343,0.610865,6
63151095225,63.1511,70.976753,-104.880913,0.115042,0.610865,6
63201095226,63.2011,71.004745,-104.886948,0.108488,0.610865,6
63251095226,63.2511,71.032135,-104.893120,0.102115,0.610865,6
63301095227,63.3011,71.060478,-104.899635,0.095490,0.610865,6
63351095228,63.3511,71.088234,-104.906250,0.089050,0.610865,6
63401095229,63.4011,71.116936,-104.913208,0.082343,0.610865,6
63451095229,63.4511,71.145004,-104.920303,0.075805,0.000000,6
63501095230,63.5011,71.152679,-104.922432,0.073725,0.000000,6
63551095231,63.5511,71.152634,-104.922417,0.073726,0.000000,6
63601095232,63.6011,71.152657,-104.922432,0.073725,0.000000,6
63651095232,63.6511,71.152687,-104.922417,0.073725,-0.610865,6
63701095233,63.7011,71.152725,-104.922401,0.073725,-0.610865,6
63751095234,63.7511,71.152748,-104.922401,0.073726,-0.610865,6
63801095235,63.8011,71.149414,-104.923042,0.073430,-0.610865,6
63851095235,63.8511,71.146469,-104.924049,0.072825,-0.610865,6
63901095236,63.9011,71.143860,-104.924919,0.072384,-0.610865,6
63951095237,63.9511,71.141510,-104.926079,0.071652,-0.610865,6
64001095238,64.0011,71.139259,-104.926941,0.071235,-0.610865,6
64051095238,64.0511,71.137138,-104.928017,0.070556,-0.610865,6
64101095239,64.1011,71.135078,-104.928780,0.070184,-0.610865,6
64151095240,64.1511,71.133125,-104.929771,0.069543,-0.610865,6
64201095241,64.2011,71.131195,-104.930473,0.069202,-0.610865,6
64251095241,64.2511,71.129318,-104.931427,0.068579,-0.610865,6
64301095242,64.3011,71.127411,-104.932076,0.068242,-0.610865,6
64351095243,64.3511,71.125519,-104.933014,0.067613,-0.610865,6
64401095244,64.4011,71.123558,-104.933716,0.067267,-0.610865,6
64451095244,64.4511,71.121613,-104.934685,0.066624,-0.610865,6
64501095245,64.5011,71.119598,-104.935387,0.066263,-0.610865,6
64551095246,64.5511,71.117584,-104.936371,0.065604,-0.610865,6
64601095247,64.6011,71.115494,-104.937119,0.065228,-0.610865,6
64651095247,64.6511,71.113419,-104.938126,0.064554,-0.610865,6
64701095248,64.7011,71.111275,-104.938873,0.064161,-0.610865,6
64751095249,64.7511,71.109131,-104.939919,0.063473,-0.610865,6
64801095250,64.8011,71.106926,-104.940704,0.063066,-0.610865,6
64851095250,64.8511,71.104729,-104.941742,0.062362,-0.610865,6
64901095251,64.9011,71.102463,-104.942558,0.061941,-0.610865,6
64951095252,64.9511,71.100212,-104.943642,0.061225,-0.610865,6
65001095253,65.0011,71.097900,-104.944458,0.060791,-0.610865,6
65051095253,65.0511,71.095596,-104.945541,0.060062,-0.610865,6
65101095254,65.1011,71.093231,-104.946373,0.059616,-0.610865,6
65151095255,65.1511,71.090881,-104.947487,0.058876,-0.610865,6
65201095256,65.2011,71.088478,-104.948357,0.058419,-0.610865,6
65251095256,65.2511,71.086082,-104.949478,0.057669,-0.610865,6
65301095257,65.3011,71.083626,-104.950340,0.057199,-0.610865,6
65351095258,65.3511,71.081177,-104.951469,0.056433,-0.610865,6
65401095259,65.4011,71.078659,-104.952377,0.055946,-0.610865,6
65451095259,65.4511,71.076118,-104.953545,0.055158,-0.610865,6
65501095260,65.5011,71.073524,-104.954437,0.054656,-0.610865,6
65551095261,65.5511,71.070885,-104.955658,0.053843,-0.610865,6
65601095261,65.6011,71.065849,-104.957489,0.052463,-0.610865,6
65651095262,65.6511,71.059364,-104.959892,0.050976,-0.610865,6
65701095263,65.7011,71.052116,-104.962891,0.048841,-0.610865,6
65751095264,65.7511,71.040787,-104.967476,0.046039,-0.610865,6
65801095264,65.8011,71.026497,-104.972969,0.042457,-0.610865,6
65851095265,65.8511,71.012642,-104.978409,0.038871,-0.610865,6
65901095266,65.9011,70.998489,-104.983856,0.035294,-0.610865,6
65951095267,65.9511,70.984314,-104.989265,0.031525,-0.610865,6
66001095267,66.0011,70.970154,-104.994614,0.028176,-0.610865,6
66051095268,66.0511,70.956230,-104.999695,0.024487,-0.610865,6
66101095269,66.1011,70.943077,-105.004570,0.021376,-0.610865,6
66151095270,66.1511,70.930351,-105.009186,0.018137,-0.610865,6
66201095270,66.2011,70.917900,-105.013779,0.015174,-0.610865,6
66251095271,66.2511,70.905708,-105.018211,0.012069,-0.610865,6
66301095272,66.3011,70.894127,-105.022377,0.009242,-0.610865,6
66351095273,66.3511,70.883224,-105.026199,0.006576,-0.610865,6
66401095273,66.4011,70.870605,-105.030594,0.003568,-0.610865,6
66451095274,66.4511,70.858513,-105.034813,0.000561,-0.610865,6
66501095275,66.5011,70.841675,-105.040352,-0.003456,-0.610865,6
66551095276,66.5511,70.823097,-105.046440,-0.007991,-0.610865,6
66601095276,66.6011,70.804077,-105.052643,-0.012885,-0.610865,6
66651095277,66.6511,70.785622,-105.058731,-0.017285,-0.610865,6
66701095278,66.7011,70.767998,-105.064316,-0.021811,-0.610865,6
66751095279,66.7511,70.751282,-105.069687,-0.025669,-0.610865,6
66801095279,66.8011,70.734482,-105.074997,-0.029966,-0.610865,6
66851095280,66.8511,70.718742,-105.079865,-0.033545,-0.610865,6
66901095281,66.9011,70.703270,-105.084732,-0.037430,-0.610865,6
66951095282,66.9511,70.687737,-105.089386,-0.041304,-0.610865,6
67001095282,67.0011,70.671486,-105.094154,-0.044960,-0.610865,6
67051095283,67.0511,70.654732,-105.098854,-0.049205,-0.610865,6
67101095284,67.1011,70.638474,-105.103661,-0.053247,-0.610865,6
67151095285,67.1511,70.622070,-105.108276,-0.057239,-0.610865,6
67201095285,67.2011,70.605339,-105.112915,-0.061191,-0.610865,6
67251095286,67.2511,70.588936,-105.117569,-0.065384,-0.610865,6
67301095287,67.3011,70.572701,-105.122017,-0.069351,-0.610865,6
67351095288,67.3511,70.557503,-105.125893,-0.073126,-0.610865,6
67401095288,67.4011,70.542526,-105.129883,-0.076636,-0.610865,6
67451095289,67.4511,70.527779,-105.133736,-0.080399,-0.610865,6
67501095290,67.5011,70.510551,-105.138016,-0.084325,-0.610865,6
67551095291,67.5511,70.492577,-105.142654,-0.088544,-0.610865,6
67601095291,67.6011,70.475853,-105.146744,-0.092571,0.610865,6
67651095292,67.6511,70.458870,-105.149872,-0.095896,0.610865,6
67701095293,67.7011,70.441444,-105.150887,-0.097611,0.610865,6
67751095294,67.7511,70.424553,-105.149712,-0.097565,0.610865,6
67801095294,67.8011,70.408257,-105.146935,-0.096797,0.610865,6
67851095295,67.8511,70.392944,-105.143425,-0.094960,0.610865,6
67901095296,67.9011,70.378395,-105.139023,-0.092942,0.610865,6
67951095297,67.9511,70.365128,-105.134285,-0.089869,0.610865,6
68001095297,68.0011,70.352654,-105.128815,-0.087022,0.610865,6
68051095298,68.0511,70.340500,-105.123535,-0.083646,0.610865,6
68101095299,68.1011,70.327881,-105.118027,-0.080429,0.610865,6
68151095299,68.1511,70.314003,-105.111969,-0.076882,0.610865,6
68201095300,68.2011,70.300217,-105.106049,-0.073282,0.610865,6
68251095301,68.2511,70.286339,-105.100128,-0.069752,0.610865,6
68301095302,68.3011,70.272919,-105.094597,-0.066196,0.610865,6
68351095302,68.3511,70.260178,-105.089272,-0.063253,0.610865,6
68401095303,68.4011,70.247391,-105.083900,-0.059801,0.610865,6
68451095304,68.4511,70.234131,-105.078491,-0.056448,0.610865,6
68501095305,68.5011,70.221130,-105.073273,-0.053360,0.610865,6
68551095305,68.5511,70.208397,-105.068268,-0.049948,0.610865,6
68601095306,68.6011,70.196342,-105.063446,-0.047040,0.610865,6
68651095307,68.6511,70.184402,-105.058731,-0.043964,0.610865,6
68701095308,68.7011,70.172653,-105.054169,-0.041047,0.610865,6
68751095308,68.7511,70.160446,-105.049469,-0.037772,0.610865,6
68801095309,68.8011,70.148712,-105.044952,-0.035077,0.610865,6
68851095310,68.8511,70.136070,-105.040085,-0.031708,0.610865,6
68901095311,68.9011,70.123337,-105.035332,-0.028468,0.610865,6
68951095311,68.9511,70.110161,-105.030426,-0.025466,0.610865,6
69001095312,69.0011,70.096306,-105.025391,-0.021881,0.610865,6
69051095313,69.0511,70.082817,-105.020401,-0.018503,0.610865,6
69101095314,69.1011,70.070000,-105.015762,-0.015415,0.610865,6
69151095314,69.1511,70.057022,-105.011032,-0.012159,0.610865,6
69201095315,69.2011,70.043968,-105.006401,-0.009040,0.610865,6
69251095316,69.2511,70.029381,-105.001511,-0.005553,0.610865,6
69301095317,69.3011,70.015434,-104.996422,-0.002024,0.610865,6
69351095317,69.3511,70.000587,-104.991364,0.001809,0.610865,6
69401095318,69.4011,69.984894,-104.986176,0.005312,0.610865,6
69451095319,69.4511,69.969414,-104.980804,0.009220,0.610865,6
69501095320,69.5011,69.953880,-104.975555,0.012951,0.610865,6
69551095320,69.5511,69.939178,-104.970505,0.016745,0.610865,6
69601095321,69.6011,69.923790,-104.965523,0.020666,0.610865,6
69651095322,69.6511,69.908806,-104.960701,0.024403,0.610865,6
69701095323,69.7011,69.891426,-104.955360,0.028510,0.610865,6
69751095323,69.7511,69.873726,-104.950020,0.032747,0.000000,7
69801095324,69.8011,69.870743,-104.949150,0.033873,0.000000,7
69851095325,69.8511,69.870766,-104.949150,0.033873,0.000000,7
69901095326,69.9011,69.870750,-104.949135,0.033873,0.000000,7
69951095326,69.9511,69.870735,-104.949165,0.033873,0.000000,7
70001095327,70.0011,69.870720,-104.949150,0.033873,0.000000,7
70051095328,70.0511,69.870705,-104.949135,0.033873,0.000000,7
70101095329,70.1011,69.870689,-104.949120,0.033873,0.000000,7
70151095329,70.1511,69.870682,-104.949112,0.033873,0.000000,7
70201095330,70.2011,69.870674,-104.949112,0.033873,0.000000,7
70251095331,70.2511,69.870674,-104.949097,0.033873,0.000000,7
70301095332,70.3011,69.870674,-104.949097,0.033873,0.000000,7
70351095332,70.3511,69.870667,-104.949089,0.033873,0.000000,7
70401095333,70.4011,69.870659,-104.949089,0.033873,0.000000,7
70451095334,70.4511,69.870659,-104.949089,0.033873,0.000000,7
70501095334,70.5011,69.870659,-104.949089,0.033873,0.000000,7
70551095335,70.5511,69.870659,-104.949089,0.033873,0.000000,7
70601095336,70.6011,69.870659,-104.949081,0.033873,0.000000,7
70651095337,70.6511,69.870659,-104.949081,0.033873,0.000000,7
70701095337,70.7011,69.870659,-104.949081,0.033873,0.000000,7
70751095338,70.7511,69.870659,-104.949081,0.033873,0.000000,7
70801095339,70.8011,69.870659,-104.949081,0.033873,0.000000,7
70851095340,70.8511,69.870659,-104.949081,0.033873,0.000000,7
70901095340,70.9011,69.870659,-104.949081,0.033873,0.000000,7
70951095341,70.9511,69.870659,-104.949081,0.033873,0.000000,7
71001095342,71.0011,69.870659,-104.949081,0.033873,0.000000,7
71051095343,71.0511,69.870659,-104.949081,0.033873,0.000000,7
71101095343,71.1011,69.870659,-104.949081,0.033873,0.000000,7
71151095344,71.1511,69.870659,-104.949081,0.033873,0.000000,7
71201095345,71.2011,69.870659,-104.949081,0.033873,0.000000,7
71251095346,71.2511,69.870659,-104.949081,0.033873,0.000000,7
71301095346,71.3011,69.870659,-104.949081,0.033873,0.000000,7
71351095347,71.3511,69.870659,-104.949081,0.033873,0.000000,7
71401095348,71.4011,69.870659,-104.949081,0.033873,0.000000,7
71451095349,71.4511,69.870659,-104.949081,0.033873,0.000000,7
71501095349,71.5011,69.870659,-104.949081,0.033873,0.000000,7
71551095350,71.5511,69.870659,-104.949081,0.033873,0.000000,7
71601095351,71.6011,69.870659,-104.949081,0.033873,0.000000,7
71651095352,71.6511,69.870659,-104.949081,0.033873,0.000000,7
71701095352,71.7011,69.870659,-104.949081,0.033873,0.000000,7
71751095353,71.7511,69.870659,-104.949081,0.033873,0.000000,7
71801095354,71.8011,69.870659,-104.949081,0.033873,0.000000,7
71851095355,71.8511,69.870659,-104.949081,0.033873,0.000000,7
71901095355,71.9011,69.870659,-104.949081,0.033873,0.000000,7
71951095356,71.9511,69.870659,-104.949081,0.033873,0.000000,7
72001095357,72.0011,69.870659,-104.949081,0.033873,0.000000,7
72051095358,72.0511,69.870659,-104.949081,0.033873,0.000000,7
72101095358,72.1011,69.870659,-104.949081,0.033873,0.000000,7
72151095359,72.1511,69.870659,-104.949081,0.033873,0.000000,7
72201095360,72.2011,69.870659,-104.949081,0.033873,0.000000,7
72251095361,72.2511,69.870659,-104.949081,0.033873,0.000000,7
72301095361,72.3011,69.870659,-104.949081,0.033873,0.000000,7
72351095362,72.3511,69.870659,-104.949081,0.033873,0.000000,7
72401095363,72.4011,69.870659,-104.949081,0.033873,0.000000,7
72451095364,72.4511,69.870659,-104.949081,0.033873,0.000000,7
72501095364,72.5011,69.870659,-104.949081,0.033873,0.000000,7
72551095365,72.5511,69.870659,-104.949081,0.033873,0.000000,7
72601095366,72.6011,69.870659,-104.949081,0.033873,0.000000,7
72651095367,72.6511,69.870659,-104.949081,0.033873,0.000000,7
72701095367,72.7011,69.870659,-104.949081,0.033873,0.000000,7
72751095368,72.7511,69.870659,-104.949081,0.033873,0.000000,7
72801095369,72.8011,69.870659,-104.949081,0.033873,0.000000,7
72851095370,72.8511,69.870659,-104.949081,0.033873,0.000000,7
72901095370,72.9011,69.870659,-104.949081,0.033873,0.000000,7
72951095371,72.9511,69.870659,-104.949081,0.033873,0.000000,7
73001095372,73.0011,69.870659,-104.949081,0.033873,0.000000,7
73051095372,73.0511,69.870659,-104.949081,0.033873,0.000000,7
73101095373,73.1011,69.870659,-104.949081,0.033873,0.000000,7
73151095374,73.1511,69.870659,-104.949081,0.033873,0.000000,7
73201095375,73.2011,69.870659,-104.949081,0.033873,0.000000,7
73251095375,73.2511,69.870659,-104.949081,0.033873,0.000000,7
73301095376,73.3011,69.870659,-104.949081,0.033873,0.000000,7
73351095377,73.3511,69.870659,-104.949081,0.033873,0.000000,7
73401095378,73.4011,69.870659,-104.949081,0.033873,0.000000,7
73451095378,73.4511,69.870659,-104.949081,0.033873,0.000000,7
73501095379,73.5011,69.870659,-104.949081,0.033873,0.000000,7
73551095380,73.5511,69.870659,-104.949081,0.033873,0.000000,7
73601095381,73.6011,69.870659,-104.949081,0.033873,0.000000,7
73651095381,73.6511,69.870659,-104.949081,0.033873,0.000000,7
73701095382,73.7011,69.870659,-104.949081,0.033873,0.000000,7
73751095383,73.7511,69.870659,-104.949081,0.033873,0.000000,7
73801095384,73.8011,69.870659,-104.949081,0.033873,0.000000,7
73851095384,73.8511,69.870659,-104.949081,0.033873,0.000000,7
73901095385,73.9011,69.870659,-104.949081,0.033873,0.000000,7
73951095386,73.9511,69.870659,-104.949081,0.033873,0.000000,7
74001095387,74.0011,69.870659,-104.949081,0.033873,0.000000,7
74051095387,74.0511,69.870659,-104.949081,0.033873,0.000000,7
74101095388,74.1011,69.870659,-104.949081,0.033873,0.000000,7
74151095389,74.1511,69.870659,-104.949081,0.033873,0.000000,7
74201095390,74.2011,69.870659,-104.949081,0.033873,0.000000,7
74251095390,74.2511,69.870659,-104.949081,0.033873,0.000000,7
74301095391,74.3011,69.870659,-104.949081,0.033873,0.000000,7
74351095392,74.3511,69.870659,-104.949081,0.033873,0.000000,7
74401095393,74.4011,69.870659,-104.949081,0.033873,0.000000,7
74451095393,74.4511,69.870659,-104.949081,0.033873,0.000000,7
74501095394,74.5011,69.870659,-104.949081,0.033873,0.000000,7
