x,y,elapsed_s,velocity_ms,accel_ms2,jerk_ms3,direction,wheel_angle_deg
10.0,12.0,0.209,2.0854,0.0,0.0,STATIONARY,0.0
10.0,12.0,0.221,2.2163,0.0,0.0,STATIONARY,0.0
10.0,12.0,0.237,2.3281,0.0,0.0,STATIONARY,0.0
10.0,12.0,0.255,2.5509,0.0,0.0,STATIONARY,0.0
10.0,12.0,0.273,2.7781,0.0,0.0,STATIONARY,0.0
10.0,12.0,0.29,2.8883,0.0,0.0,STATIONARY,0.0
10.0,12.0,0.307,3.0361,0.0,0.0,STATIONARY,0.0
10.0,12.0,0.324,3.2868,0.0,0.0,STATIONARY,0.0
10.0,12.0,0.352,3.5384,0.0,0.0,STATIONARY,0.0
10.0,12.0,0.368,3.6337,0.0,0.0,STATIONARY,0.0
10.0,12.0,0.386,3.8963,0.0,0.0,STATIONARY,0.0
10.0,12.0,0.403,3.9905,0.0,0.0,STATIONARY,0.0
10.0,12.0,0.42,4.1302,0.0,0.0,STATIONARY,0.0
10.0,12.0,0.441,4.3711,0.0,0.0,STATIONARY,0.0
10.0,12.0,0.459,3.9106,-0.0001,-0.0039,STATIONARY,0.0
10.0,12.0,0.485,2.217,0.0,0.0037,STATIONARY,0.0
10.0,12.0,0.501,1.7423,0.0,-0.0003,STATIONARY,0.0
10.0002,12.0,0.522,0.1055,0.0451,3.1663,STATIONARY,0.0
10.0002,12.0,0.541,0.151,0.0302,-1.307,STATIONARY,0.0
10.0004,12.0,0.563,0.2256,0.0167,-0.904,STATIONARY,0.0
10.0004,12.0,0.58,0.2451,0.0117,-0.3362,STATIONARY,0.0
10.0004,12.0,0.597,0.2578,0.0075,-0.2201,STATIONARY,0.0
10.0004,12.0,0.614,0.2591,0.0042,-0.2146,STATIONARY,0.0
10.0004,12.0,0.63,0.2562,0.0026,-0.1152,STATIONARY,0.0
10.0004,12.0,0.647,0.2498,0.0014,-0.0772,STATIONARY,0.0
10.0003,12.0,0.664,0.2409,0.0003,-0.0772,STATIONARY,0.0
10.0003,12.0,0.685,0.2195,-0.001,-0.1166,STATIONARY,0.0
10.0003,12.0,0.702,0.2073,-0.0006,0.0287,STATIONARY,0.0
10.0003,12.0,0.719,0.1923,-0.0009,-0.0208,STATIONARY,0.0
10.0002,12.0,0.736,0.1783,-0.0011,-0.0131,STATIONARY,0.0
10.0002,12.0,0.752,0.1642,-0.001,0.0049,STATIONARY,0.0
10.0002,12.0,0.771,0.1435,-0.0009,0.0076,STATIONARY,0.0
10.0002,12.0,0.789,0.1329,-0.0009,0.004,STATIONARY,0.0
10.0002,12.0,0.808,0.1143,-0.0007,0.0103,STATIONARY,0.0
10.0001,12.0,0.824,0.1065,-0.0008,-0.0056,STATIONARY,0.0
10.0001,12.0,0.842,0.0966,-0.0006,0.0119,STATIONARY,0.0
10.0001,12.0,0.86,0.0812,-0.0005,0.0171,STATIONARY,0.0
10.0001,12.0,0.877,0.077,-0.0007,-0.0162,STATIONARY,0.0
10.0001,12.0,0.895,0.0637,-0.0005,0.0156,STATIONARY,0.0
10.0001,12.0,0.911,0.0584,-0.0004,0.012,STATIONARY,0.0
10.0001,12.0,0.929,0.0507,-0.0004,0.0002,STATIONARY,0.0
10.0001,12.0,0.949,0.0457,-0.0003,0.0028,STATIONARY,0.0
10.0001,12.0,0.964,0.0431,-0.0003,-0.0014,STATIONARY,0.0
10.0001,12.0,0.985,0.0353,-0.0003,0.0052,STATIONARY,0.0
10.0,12.0,1.003,0.0295,-0.0002,0.009,STATIONARY,0.0
10.0,12.0,1.022,0.028,-0.0002,-0.0037,STATIONARY,0.0
10.0,12.0,1.039,0.025,-0.0002,0.004,STATIONARY,0.0
10.0,12.0,1.059,0.0206,-0.0002,0.001,STATIONARY,0.0
10.0,12.0,1.076,0.0176,-0.0001,0.0016,STATIONARY,0.0
10.0,12.0,1.093,0.0157,-0.0001,0.0005,STATIONARY,0.0
10.0,12.0,1.113,0.014,-0.0001,0.0014,STATIONARY,0.0
10.0,12.0,1.131,0.0119,-0.0001,0.0013,STATIONARY,0.0
10.0,12.0,1.153,0.0098,-0.0001,0.0006,STATIONARY,0.0
10.0,12.0,1.17,0.0077,-0.0001,0.0009,STATIONARY,0.0
10.0,12.0,1.186,0.0079,-0.0001,-0.0001,STATIONARY,0.0
10.0,12.0,1.203,0.007,-0.0001,0.0006,STATIONARY,0.0
10.0,12.0,1.223,0.0056,-0.0001,0.0007,STATIONARY,0.0
10.0,12.0,1.239,0.0057,-0.0001,0.0003,STATIONARY,0.0
10.0,12.0,1.256,0.0026,-0.0,0.0005,STATIONARY,0.0
10.0,12.0,1.272,0.0046,-0.0,0.0,STATIONARY,0.0
10.0,12.0,1.295,0.0046,-0.0,0.0005,STATIONARY,0.0
10.0,12.0,1.312,0.0029,-0.0,0.0007,STATIONARY,0.0
10.0,12.0,1.329,0.002,-0.0,-0.0,STATIONARY,0.0
10.0,12.0,1.352,0.0025,-0.0,0.0002,STATIONARY,0.0
10.0,12.0,1.368,0.001,-0.0,0.0003,STATIONARY,0.0
10.0,12.0,1.389,0.0024,-0.0,0.0002,STATIONARY,0.0
10.0,12.0,1.406,0.0,-0.0002,-0.0149,STATIONARY,0.0
10.0,12.0,1.422,0.0002,0.0001,0.0195,STATIONARY,0.0
10.0,12.0,1.443,0.0004,0.0,-0.0037,STATIONARY,0.0
10.0,12.0,1.459,0.0011,0.0,-0.0006,STATIONARY,0.0
10.0,12.0,1.483,0.0006,0.0,-0.0006,STATIONARY,0.0
10.0,12.0,1.5,0.0002,-0.0,-0.0001,STATIONARY,0.0
10.0,12.0,1.521,0.0006,-0.0,-0.0003,STATIONARY,0.0
10.0,12.0,1.538,0.0004,-0.0,0.0001,STATIONARY,0.0
10.0,12.0,1.554,0.0007,-0.0,-0.0003,STATIONARY,0.0
10.0,12.0,1.574,0.0007,-0.0,0.0001,STATIONARY,0.0
10.0,12.0,1.59,0.0014,-0.0,0.0001,STATIONARY,0.0
10.0,12.0,1.609,0.0003,-0.0,0.0001,STATIONARY,0.0
10.0,12.0,1.632,0.0009,-0.0,-0.0001,STATIONARY,0.0
10.0,12.0,1.648,0.001,-0.0,0.0001,STATIONARY,0.0
10.0,12.0,1.67,0.0013,-0.0,0.0001,STATIONARY,0.0
10.0,12.0,1.688,0.0004,-0.0,-0.0,STATIONARY,0.0
10.0,12.0,1.703,0.0004,-0.0,0.0001,STATIONARY,0.0
10.0,12.0,1.725,0.0006,-0.0,0.0001,STATIONARY,0.0
10.0,12.0,1.742,0.0001,-0.0,-0.0001,STATIONARY,0.0
10.0,12.0,1.759,0.0002,-0.0,-0.0001,STATIONARY,0.0
10.0,12.0,1.776,0.0003,-0.0,0.0001,STATIONARY,0.0
10.0,12.0,1.799,0.0008,-0.0,-0.0001,STATIONARY,0.0
10.0,12.0,1.815,0.0006,-0.0,0.0002,STATIONARY,0.0
10.0,12.0,1.838,0.0017,0.0,0.0005,STATIONARY,0.0
10.0,12.0,1.854,0.0012,0.0,-0.0001,STATIONARY,0.0
10.0,12.0,1.875,0.0007,0.0,-0.0001,STATIONARY,0.0
10.0,12.0,1.891,0.0009,-0.0,-0.0001,STATIONARY,0.0
10.0,12.0,1.913,0.0008,0.0,0.0001,STATIONARY,0.0
10.0,12.0,1.93,0.0003,-0.0,-0.0001,STATIONARY,0.0
10.0,12.0,1.956,0.0,-0.0,-0.0001,STATIONARY,0.0
10.0,12.0,1.974,0.0001,0.0,0.0002,STATIONARY,0.0
10.0,12.0,1.99,0.003,-0.0,-0.0005,STATIONARY,0.0
10.0,12.0,2.014,0.0022,-0.0,0.0002,STATIONARY,0.0
10.0,12.0,2.03,0.0018,-0.0,-0.0001,STATIONARY,0.0
10.0,12.0,2.047,0.0011,0.0,0.0001,STATIONARY,0.0
10.0,12.0,2.064,0.0013,-0.0,-0.0,STATIONARY,0.0
10.0,12.0,2.086,0.0007,-0.0,-0.0001,STATIONARY,0.0
10.0,12.0,2.103,0.0001,0.0,0.0002,STATIONARY,0.0
10.0,12.0,2.124,0.0006,-0.0,-0.0001,STATIONARY,0.0
10.0,12.0,2.14,0.0,-0.0,-0.0002,STATIONARY,0.0
10.0,12.0,2.156,0.0013,0.0,0.0003,STATIONARY,0.0
10.0,12.0,2.178,0.0008,0.0,-0.0001,STATIONARY,0.0
10.0,12.0,2.194,0.0009,0.0,-0.0,STATIONARY,0.0
10.0,12.0,2.211,0.0003,0.0,0.0,STATIONARY,0.0
10.0,12.0,2.234,0.0001,-0.0,-0.0002,STATIONARY,0.0
10.0,12.0,2.252,0.0008,0.0,0.0002,STATIONARY,0.0
10.0,12.0,2.268,0.001,-0.0,-0.0001,STATIONARY,0.0
10.0,12.0,2.289,0.0008,-0.0,-0.0,STATIONARY,0.0
10.0,12.0,2.305,0.0008,0.0,0.0001,STATIONARY,0.0
10.0,12.0,2.324,0.0009,-0.0,-0.0002,STATIONARY,0.0
10.0,12.0,2.34,0.0002,-0.0,0.0001,STATIONARY,0.0
10.0,12.0,2.357,0.0003,0.0,0.0001,STATIONARY,0.0
10.0,12.0,2.373,0.0007,0.0,-0.0,STATIONARY,0.0
10.0,12.0,2.389,0.0006,0.0,0.0,STATIONARY,0.0
10.0,12.0,2.407,0.0029,0.0,0.0001,STATIONARY,0.0
10.0,12.0,2.424,0.0012,-0.0,-0.0001,STATIONARY,0.0
10.0,12.0,2.438,0.0004,0.0,0.0001,STATIONARY,0.0
10.0,12.0,2.458,0.0017,0.0,-0.0,STATIONARY,0.0
10.0,12.0,2.474,0.0005,-0.0,-0.0001,STATIONARY,0.0
10.0,12.0,2.497,0.0008,0.0,0.0001,STATIONARY,0.0
10.0,12.0,2.515,0.0002,0.0,-0.0,STATIONARY,0.0
10.0,12.0,2.535,0.0002,-0.0,-0.0001,STATIONARY,0.0
10.0,12.0,2.554,0.0003,0.0,0.0001,STATIONARY,0.0
10.0,12.0,2.569,0.0015,0.0,-0.0001,STATIONARY,0.0
10.0,12.0,2.587,0.0015,0.0,0.0003,STATIONARY,0.0
10.0,12.0,2.604,0.001,-0.0,-0.0005,STATIONARY,0.0
10.0,12.0,2.625,0.0007,-0.0,0.0001,STATIONARY,0.0
10.0,12.0,2.641,0.0,0.0,0.0001,STATIONARY,0.0
10.0,12.0,2.663,0.0002,-0.0,-0.0001,STATIONARY,0.0
10.0,12.0,2.68,0.0001,0.0,0.0001,STATIONARY,0.0
10.0,12.0,2.696,0.0005,0.0,0.0001,STATIONARY,0.0
10.0,12.0,2.714,0.0011,-0.0,-0.0002,STATIONARY,0.0
10.0,12.0,2.73,0.0008,0.0,0.0001,STATIONARY,0.0
10.0,12.0,2.749,0.0018,0.0,0.0,STATIONARY,0.0
10.0,12.0,2.776,0.0001,-0.0,-0.0002,STATIONARY,0.0
10.0,12.0,2.797,0.0008,0.0,0.0003,STATIONARY,0.0
10.0,12.0,2.813,0.0001,0.0,-0.0001,STATIONARY,0.0
10.0,12.0,2.831,0.0004,0.0,-0.0,STATIONARY,0.0
10.0,12.0,2.847,0.0002,-0.0,-0.0001,STATIONARY,0.0
10.0,12.0,2.865,0.0002,-0.0,0.0001,STATIONARY,0.0
10.0,12.0,2.886,0.0008,-0.0,-0.0001,STATIONARY,0.0
10.0,12.0,2.902,0.001,0.0,0.0002,STATIONARY,0.0
10.0,12.0,2.921,0.0005,0.0,-0.0001,STATIONARY,0.0
10.0,12.0,2.938,0.0007,0.0,-0.0,STATIONARY,0.0
10.0,12.0,2.956,0.0001,-0.0,-0.0,STATIONARY,0.0
10.0,12.0,2.978,0.0003,0.0,0.0,STATIONARY,0.0
10.0,12.0,2.994,0.0022,-0.0,-0.0,STATIONARY,0.0
10.0,12.0,3.012,0.0007,-0.0,-0.0,STATIONARY,0.0
10.0,12.0,3.036,0.0003,-0.0,0.0001,STATIONARY,0.0
10.0,12.0,3.052,0.0,-0.0,-0.0,STATIONARY,0.0
10.0,12.0,3.078,0.0006,0.0,0.0,STATIONARY,0.0
10.0,12.0,3.094,0.0015,-0.0,-0.0,STATIONARY,0.0
10.0,12.0,3.11,0.0005,0.0,0.0,STATIONARY,0.0
10.0,12.0,3.132,0.0011,0.0,-0.0,STATIONARY,0.0
10.0,12.0,3.149,0.001,-0.0,-0.0001,STATIONARY,0.0
10.0,12.0,3.169,0.0008,0.0,0.0001,STATIONARY,0.0
10.0,12.0,3.188,0.0007,-0.0,-0.0001,STATIONARY,0.0
10.0,12.0,3.21,0.0004,-0.0,-0.0,STATIONARY,0.0
10.0,12.0,3.227,0.0004,-0.0,0.0001,STATIONARY,0.0
10.0,12.0,3.249,0.0006,0.0,0.0,STATIONARY,0.0
10.0,12.0,3.266,0.0001,-0.0,-0.0,STATIONARY,0.0
10.0,12.0,3.29,0.0002,0.0,0.0,STATIONARY,0.0
10.0,12.0,3.308,0.0005,0.0,0.0,STATIONARY,0.0
10.0,12.0,3.328,0.0003,-0.0,-0.0,STATIONARY,0.0
10.0,12.0,3.344,0.0003,-0.0,-0.0,STATIONARY,0.0
10.0,12.0,3.365,0.0005,0.0,0.0,STATIONARY,0.0
10.0,12.0,3.382,0.0007,0.0,0.0001,STATIONARY,0.0
10.0,12.0,3.399,0.0007,-0.0,-0.0001,STATIONARY,0.0
10.0,12.0,3.422,0.0002,0.0,0.0001,STATIONARY,0.0
10.0,12.0,3.438,0.0001,-0.0,-0.0,STATIONARY,0.0
10.0,12.0,3.457,0.0034,-0.0,-0.0002,STATIONARY,0.0
10.0,12.0,3.473,0.0001,0.0,0.0004,STATIONARY,0.0
10.0,12.0,3.491,0.001,-0.0,-0.0003,STATIONARY,0.0
10.0,12.0,3.513,0.0012,0.0,0.0001,STATIONARY,0.0
10.0,12.0,3.529,0.0003,0.0,0.0,STATIONARY,0.0
10.0,12.0,3.549,0.0008,0.0,-0.0001,STATIONARY,0.0
10.0,12.0,3.567,0.0005,-0.0,-0.0,STATIONARY,0.0
10.0,12.0,3.59,0.0008,0.0,0.0,STATIONARY,0.0
10.0,12.0,3.607,0.0003,-0.0,-0.0,STATIONARY,0.0
10.0,12.0,3.624,0.0012,0.0,0.0,STATIONARY,0.0
10.0,12.0,3.642,0.0002,-0.0,-0.0,STATIONARY,0.0
10.0,12.0,3.658,0.0,-0.0,0.0,STATIONARY,0.0
10.0,12.0,3.679,0.0006,0.0,0.0,STATIONARY,0.0
10.0,12.0,3.696,0.0006,0.0,-0.0,STATIONARY,0.0
10.0,12.0,3.712,0.0014,0.0,0.0,STATIONARY,0.0
10.0,12.0,3.729,0.0028,-0.0,-0.0003,STATIONARY,0.0
10.0,12.0,3.746,0.0017,0.0,0.0004,STATIONARY,0.0
10.0009,12.0,3.765,0.1525,13.7305,1236.6695,FORWARD,0.0
10.0054,12.0,3.784,0.4025,19.6509,465.1752,FORWARD,0.0
10.0143,12.0,3.8,0.6441,16.6652,-205.967,FORWARD,0.0
10.0261,12.0,3.816,0.8429,13.8008,-198.9025,FORWARD,0.0
10.0523,12.0,3.837,1.1669,15.0388,123.4405,FORWARD,0.0
10.0684,12.0,3.853,1.2881,9.5457,-432.59,FORWARD,0.0
10.0954,12.0,3.871,1.3775,4.5096,-254.1463,FORWARD,0.0
10.127,12.0,3.89,1.5066,1.9232,-286.9098,FORWARD,0.0
10.1474,12.0,3.908,1.6143,8.3793,502.5506,FORWARD,0.0
10.1898,12.0,3.926,1.7129,4.038,-390.9266,FORWARD,0.0
10.2119,12.0,3.941,1.751,3.0028,-81.6985,FORWARD,0.0
10.2376,12.0,3.96,1.7831,2.2152,-54.266,FORWARD,0.0
10.2845,12.0,3.979,1.8428,2.5893,32.636,FORWARD,0.0
10.3082,12.0,3.996,1.8652,1.7535,-65.4779,FORWARD,0.0
10.3383,12.0,4.014,1.8795,0.8933,-53.4565,FORWARD,0.0
10.3864,12.0,4.034,1.9174,1.36,37.6222,FORWARD,0.0
10.412,12.0,4.052,1.9309,1.0137,-26.0861,FORWARD,0.0
10.4601,12.0,4.071,1.9564,1.0503,3.0732,FORWARD,0.0
10.4843,12.0,4.087,1.9668,0.8381,-17.1908,FORWARD,0.0
10.5092,12.0,4.103,1.9758,0.7168,-9.6039,FORWARD,0.0
10.566,12.0,4.121,1.9873,0.8207,8.3152,FORWARD,0.0
10.5874,12.0,4.139,1.9964,0.8464,2.3921,FORWARD,0.0
10.6156,12.0,4.156,2.0002,0.2744,-40.4787,FORWARD,0.0
10.6674,12.0,4.175,2.0121,0.6222,29.2552,FORWARD,0.0
10.6933,12.0,4.193,2.0169,0.3709,-19.5219,FORWARD,0.0
10.7264,12.0,4.21,2.0141,-0.1679,-32.7238,FORWARD,0.0
10.7776,12.0,4.229,2.0261,0.5424,59.9093,FORWARD,0.0
10.8038,12.0,4.246,2.0302,0.3154,-17.5781,FORWARD,0.0
10.8495,12.0,4.269,2.0414,0.5042,17.4119,FORWARD,0.0
10.8811,12.0,4.286,2.0397,-0.1086,-39.5804,FORWARD,0.0
10.9359,12.0,4.312,2.0458,0.1168,16.1743,FORWARD,0.0
10.9653,12.0,4.33,2.0469,0.073,-3.0591,FORWARD,0.0
11.017,12.0,4.35,2.0548,0.5807,46.4124,FORWARD,0.0
11.0465,12.0,4.368,2.0555,0.0452,-37.2623,FORWARD,0.0
11.0797,12.0,4.384,2.0526,-0.1801,-13.9331,FORWARD,0.0
11.1353,12.0,4.407,2.0589,0.0136,13.157,FORWARD,0.0
11.1663,12.0,4.426,2.0591,0.0157,0.1405,FORWARD,0.0
11.2184,12.0,4.446,2.0683,0.3352,25.5189,FORWARD,0.0
11.2424,12.0,4.463,2.0732,0.4201,7.3218,FORWARD,0.0
11.2949,12.0,4.486,2.0795,0.1815,-18.1743,FORWARD,0.0
11.3234,12.0,4.503,2.0809,0.1087,-5.3048,FORWARD,0.0
11.3756,12.0,4.521,2.0871,0.5531,41.982,FORWARD,0.0
11.3988,12.0,4.538,2.0915,0.3948,-14.295,FORWARD,0.0
11.4313,12.0,4.555,2.089,-0.1618,-35.7426,FORWARD,0.0
11.4866,12.0,4.577,2.0946,0.3843,45.2882,FORWARD,0.0
11.5416,12.0,4.595,2.0993,0.1534,-17.3226,FORWARD,0.0
11.5677,12.0,4.613,2.1027,0.2792,10.1418,FORWARD,0.0
11.5935,12.0,4.63,2.106,0.2643,-1.2129,FORWARD,0.0
11.652,12.0,4.654,2.1072,-0.0575,-21.8401,FORWARD,0.0
11.6797,12.0,4.67,2.11,0.2147,20.6618,FORWARD,0.0
11.7313,12.0,4.693,2.1169,0.3048,7.5796,FORWARD,0.0
11.7614,12.0,4.713,2.1169,0.0034,-21.18,FORWARD,0.0
11.8164,12.0,4.731,2.1203,0.6564,65.2792,FORWARD,0.0
11.839,12.0,4.748,2.1247,0.4185,-22.3358,FORWARD,0.0
11.8976,12.0,4.771,2.1275,0.3178,-8.0967,FORWARD,0.0
11.9259,12.0,4.787,2.1294,0.1404,-13.3774,FORWARD,0.0
11.9758,12.0,4.808,2.1366,0.3295,16.7184,FORWARD,0.0
12.0024,12.0,4.825,2.1413,0.1708,-12.5229,FORWARD,0.0
12.0582,12.0,4.847,2.1425,0.0863,-6.3119,FORWARD,0.0
12.1112,12.0,4.866,2.1477,0.3222,20.6625,FORWARD,0.0
12.139,12.0,4.882,2.1494,0.1386,-14.1891,FORWARD,0.0
12.1683,12.0,4.899,2.1502,0.0518,-6.3584,FORWARD,0.0
12.1991,12.0,4.917,2.15,-0.0136,-4.5595,FORWARD,0.0
12.2541,12.0,4.934,2.155,0.1502,12.5829,FORWARD,0.0
12.2783,12.0,4.951,2.1584,0.3048,13.7818,FORWARD,0.0
12.3299,12.0,4.974,2.161,0.0499,-20.7934,FORWARD,0.0
12.3575,12.0,4.99,2.161,0.0005,-3.866,FORWARD,0.0
12.4156,12.0,5.013,2.1602,0.1828,15.0053,FORWARD,0.0
12.444,12.0,5.03,2.1606,0.0337,-11.3386,FORWARD,0.0
12.5001,12.0,5.049,2.1626,0.0583,1.8737,FORWARD,0.0
12.5252,12.0,5.066,2.1635,0.0813,1.9765,FORWARD,0.0
12.5798,12.0,5.086,2.1592,-0.1417,-17.9022,FORWARD,0.0
12.6115,12.0,5.104,2.1536,-0.3823,-16.3718,FORWARD,0.0
12.6424,12.0,5.122,2.1499,-0.262,8.3581,FORWARD,0.0
12.699,12.0,5.146,2.1484,-0.0822,13.3852,FORWARD,0.0
12.7291,12.0,5.164,2.1482,0.1171,16.0004,FORWARD,0.0
12.7837,12.0,5.185,2.1488,0.0472,-5.4019,FORWARD,0.0
12.8156,12.0,5.203,2.1462,-0.1733,-14.8028,FORWARD,0.0
12.8493,12.0,5.219,2.1428,-0.2177,-2.8265,FORWARD,0.0
12.8842,12.0,5.237,2.1389,-0.2393,-1.5117,FORWARD,0.0
12.9394,12.0,5.254,2.1454,0.4236,57.6249,FORWARD,0.0
12.9617,12.0,5.27,2.1479,0.242,-17.4615,FORWARD,0.0
13.0137,12.0,5.29,2.1406,-0.1473,-37.4242,FORWARD,0.0
13.0402,12.0,5.307,2.1362,-0.3547,-16.6907,FORWARD,0.0
13.0942,12.0,5.327,2.1242,-0.364,-0.7547,FORWARD,0.0
13.1204,12.0,5.345,2.1178,-0.5172,-12.4113,FORWARD,0.0
13.1734,12.0,5.366,2.0973,-0.7346,-17.5106,FORWARD,0.0
13.2039,12.0,5.383,2.0829,-0.988,-17.3305,FORWARD,0.0
13.2561,12.0,5.399,2.0683,-0.4476,44.4295,FORWARD,0.0
13.2763,12.0,5.416,2.0482,-2.0336,-160.4889,FORWARD,0.0
13.3014,12.0,5.433,2.0505,0.188,181.6011,FORWARD,0.0
13.3612,12.0,5.449,2.0354,-0.1402,-24.4982,FORWARD,0.0
13.3849,12.0,5.466,2.034,-0.1203,1.7095,FORWARD,0.0
13.4085,12.0,5.483,2.032,-0.1721,-4.4605,FORWARD,0.0
13.4575,12.0,5.506,2.0285,-0.1175,4.5072,FORWARD,0.0
13.5078,12.0,5.523,2.0204,-0.1511,-2.9635,FORWARD,0.0
13.5351,12.0,5.538,2.0084,-0.889,-54.4008,FORWARD,0.0
13.5589,12.0,5.556,2.0035,-0.4157,39.9258,FORWARD,0.0
13.5896,12.0,5.572,1.9909,-0.8159,-25.9864,FORWARD,0.0
13.6181,12.0,5.588,1.9849,-0.4174,27.7681,FORWARD,0.0
13.6649,12.0,5.61,1.9817,-0.0069,38.3366,FORWARD,0.0
13.6925,12.0,5.627,1.9703,-0.8216,-58.3485,FORWARD,0.0
13.7419,12.0,5.647,1.9508,-0.5268,25.6991,FORWARD,0.0
13.7643,12.0,5.663,1.9426,-0.7135,-16.2223,FORWARD,0.0
13.8145,12.0,5.684,1.9132,-0.7899,-6.4359,FORWARD,0.0
13.8563,12.0,5.702,1.8869,-1.0899,-24.6095,FORWARD,0.0
13.8776,12.0,5.717,1.8713,-1.3764,-25.2163,FORWARD,0.0
13.9019,12.0,5.733,1.8534,-1.3627,1.0523,FORWARD,0.0
13.9295,12.0,5.75,1.8374,-1.0714,19.4405,FORWARD,0.0
13.9791,12.0,5.776,1.8206,-0.4832,46.177,FORWARD,0.0
14.0072,12.0,5.793,1.8037,-1.0831,-38.5445,FORWARD,0.0
14.0545,12.0,5.812,1.7742,-0.9744,9.2106,FORWARD,0.0
14.075,12.0,5.828,1.7604,-1.1901,-18.5431,FORWARD,0.0
14.096,12.0,5.844,1.7472,-1.0926,8.0965,FORWARD,0.0
14.1436,12.0,5.866,1.7271,-0.4714,48.4568,FORWARD,0.0
14.1703,12.0,5.883,1.7109,-1.0358,-36.1811,FORWARD,0.0
14.1902,12.0,5.899,1.7024,-0.7361,25.7398,FORWARD,0.0
14.2342,12.0,5.92,1.6732,-0.8089,-6.1393,FORWARD,0.0
14.257,12.0,5.936,1.658,-1.1072,-21.7364,FORWARD,0.0
14.2969,12.0,5.954,1.6394,-0.4994,56.6913,FORWARD,0.0
14.3149,12.0,5.97,1.6306,-0.8048,-27.7354,FORWARD,0.0
14.3497,12.0,5.986,1.6055,-1.1596,-16.4246,FORWARD,0.0
14.3689,12.0,6.004,1.5999,-0.4655,57.8512,FORWARD,0.0
14.3936,12.0,6.021,1.5831,-1.0851,-39.8935,FORWARD,0.0
14.4154,12.0,6.037,1.5727,-0.7514,24.2082,FORWARD,0.0
14.4399,12.0,6.054,1.5319,-1.2918,-37.4688,FORWARD,0.0
14.4761,12.0,6.07,1.4389,-9.5541,-848.6862,FORWARD,0.0
14.4927,12.0,6.087,1.2275,-16.4485,-536.3998,FORWARD,0.0
14.5166,12.0,6.109,0.8345,-16.1785,21.7014,FORWARD,0.0
14.5244,12.0,6.126,0.5543,-22.64,-521.9821,FORWARD,0.0
14.5301,12.0,6.147,0.148,-5.0859,1417.1268,FORWARD,0.0
14.5325,12.0,6.164,0.2014,3.937,665.2344,FORWARD,0.0
14.5383,11.9999,6.189,0.2405,3.3624,-42.6146,FORWARD,0.0
14.5415,11.9999,6.205,0.2567,1.2495,-162.6368,FORWARD,0.0
14.5456,12.0,6.222,0.2678,1.0346,-16.5655,FORWARD,0.0
14.5528,12.0,6.242,0.2959,2.4937,129.1823,FORWARD,0.0
14.5636,12.0,6.27,0.3154,0.6129,-59.2796,FORWARD,0.0
14.5676,12.0,6.286,0.3436,2.5248,170.7409,FORWARD,0.0
14.5727,12.0,6.304,0.3569,0.9539,-112.9142,FORWARD,0.0
14.5799,12.0001,6.318,0.3833,1.4664,28.4714,FORWARD,0.0
14.5859,12.0,6.335,0.4082,1.6412,11.5345,FORWARD,0.0
14.5922,12.0,6.351,0.4197,0.7285,-57.8398,FORWARD,0.0
14.5987,12.0,6.37,0.4005,-1.1736,-116.3816,FORWARD,0.0
14.6103,12.0,6.389,0.4228,1.0648,176.5362,FORWARD,0.0
14.6156,12.0,6.407,0.4172,-0.4605,-123.7686,FORWARD,0.0
14.6276,12.0001,6.423,0.4698,1.0691,136.2197,FORWARD,0.0
14.6329,12.0001,6.44,0.4812,1.0119,-5.0678,FORWARD,0.0
14.6403,12.0001,6.457,0.4857,0.2882,-45.9743,FORWARD,0.0
14.6515,12.0001,6.477,0.4975,0.2975,0.7232,FORWARD,0.0
14.657,12.0,6.494,0.5058,0.7498,40.7778,FORWARD,0.0
14.6694,12.0,6.514,0.5325,2.1274,125.4175,FORWARD,0.0
14.675,12.0,6.531,0.5402,0.7105,-129.9872,FORWARD,0.0
14.6883,12.0,6.549,0.5564,0.7555,3.8127,FORWARD,0.0
14.695,12.0,6.566,0.5627,0.5086,-19.8301,FORWARD,0.0
14.709,12.0,6.582,0.5735,0.4928,-1.4642,FORWARD,0.0
14.7143,12.0,6.598,0.4336,-12.5538,-1170.3231,FORWARD,0.0
14.7199,12.0,6.616,0.4422,0.6376,974.5143,FORWARD,0.0
14.7299,12.0,6.637,0.461,0.799,14.9275,FORWARD,0.0
14.7358,12.0,6.654,0.4709,0.7431,-4.1786,FORWARD,0.0
14.7472,12.0,6.679,0.4864,0.8028,5.5772,FORWARD,0.0
14.7541,12.0,6.696,0.4954,0.5951,-13.8271,FORWARD,0.0
14.7668,12.0,6.713,0.5157,0.6872,8.0069,FORWARD,0.0
14.772,12.0,6.731,0.4574,-5.191,-524.0248,FORWARD,0.0
14.7766,12.0001,6.752,0.1778,0.8028,504.988,FORWARD,0.0
14.7791,12.0001,6.768,0.1767,-0.0762,-61.0001,FORWARD,0.0
14.7843,12.0001,6.789,0.244,0.4986,55.087,FORWARD,0.0
14.7904,12.0001,6.807,0.2623,1.3908,75.5743,FORWARD,0.0
14.7933,12.0001,6.825,0.2843,2.0339,59.2416,FORWARD,0.0
14.8001,12.0001,6.843,0.3017,-0.3688,-206.3207,FORWARD,0.0
14.8032,12.0001,6.859,0.3099,0.8008,114.384,FORWARD,0.0
14.8073,12.0001,6.876,0.3217,0.8971,7.3237,FORWARD,0.0
14.8149,12.0001,6.894,0.3478,0.3553,-52.5303,FORWARD,0.0
14.8176,12.0001,6.91,0.2651,-8.3696,-882.6364,FORWARD,0.0
14.8259,12.0001,6.93,0.3202,1.0379,796.9641,FORWARD,0.0
14.8305,12.0001,6.947,0.3336,1.0051,-2.4691,FORWARD,0.0
14.8403,12.0001,6.965,0.3507,0.8059,-14.1581,FORWARD,0.0
14.8442,12.0001,6.98,0.3627,1.1458,32.3283,FORWARD,0.0
14.8525,12.0001,6.998,0.3856,0.5666,-51.6626,FORWARD,0.0
14.8574,12.0001,7.018,0.3949,0.7729,17.2447,FORWARD,0.0
14.8633,12.0001,7.034,0.3976,0.1853,-40.8228,FORWARD,0.0
14.8733,12.0001,7.054,0.4035,1.6273,130.6618,FORWARD,0.0
14.8783,12.0001,7.071,0.4165,0.3661,-97.8874,FORWARD,0.0
14.8889,12.0001,7.09,0.4263,0.8825,46.7795,FORWARD,0.0
14.8942,12.0001,7.106,0.4284,0.1797,-59.674,FORWARD,0.0
14.905,12.0001,7.122,0.5085,8.0697,803.0916,FORWARD,0.0
14.908,12.0001,7.139,0.2213,-27.22,-3345.4066,FORWARD,0.0
14.9109,12.0,7.156,0.2303,0.618,1921.8606,FORWARD,0.0
14.9166,12.0,7.175,0.2172,-0.689,-110.1578,FORWARD,0.0
14.9196,12.0,7.193,0.27,4.4461,432.2954,FORWARD,0.0
14.9262,12.0,7.215,0.2866,1.1627,-290.0622,FORWARD,0.0
14.9296,12.0,7.23,0.2862,-0.0355,-96.5055,FORWARD,0.0
14.9367,12.0,7.248,0.3024,1.0912,100.3892,FORWARD,0.0
14.94,12.0,7.265,0.3278,2.4322,128.5754,FORWARD,0.0
14.9479,12.0,7.289,0.3499,0.9614,-125.914,FORWARD,0.0
14.9564,12.0,7.305,0.3331,-1.4908,-206.9285,FORWARD,0.0
14.9601,12.0,7.323,0.3444,1.0656,240.1754,FORWARD,0.0
14.964,12.0,7.341,0.3445,0.0016,-95.2466,FORWARD,0.0
14.9728,12.0,7.356,0.3642,2.3836,232.4604,FORWARD,0.0
14.9767,12.0,7.374,0.1464,-12.2864,-827.5791,FORWARD,0.0
14.9781,12.0,7.39,0.136,-0.9745,1062.1343,FORWARD,0.0
14.9806,12.0,7.408,0.1773,2.7535,248.6795,FORWARD,0.0
14.9849,12.0,7.424,0.1859,-0.3871,-288.6566,FORWARD,0.0
14.9872,12.0001,7.44,0.2339,4.8386,527.2897,FORWARD,0.0
14.9929,12.0001,7.46,0.2506,-0.173,-430.6753,FORWARD,0.0
14.9966,12.0001,7.477,0.2705,1.264,91.3727,FORWARD,0.0
14.9995,12.0001,7.493,0.2461,-2.0952,-287.9322,FORWARD,0.0
15.0058,12.0001,7.51,0.2636,0.5652,243.4621,FORWARD,0.0
15.0089,12.0001,7.528,0.2642,0.0487,-44.1126,FORWARD,0.0
15.0156,12.0,7.547,0.2771,1.2854,105.1971,FORWARD,0.0
15.0192,12.0,7.565,0.2709,-0.4971,-143.0445,FORWARD,0.0
15.0274,12.0,7.582,0.2816,1.6351,182.5949,FORWARD,0.0
15.0303,12.0,7.6,0.1565,-8.0867,-628.1441,FORWARD,0.0
15.0311,12.0,7.617,0.0781,-7.8995,18.8625,FORWARD,0.0
15.035,12.0,7.638,0.1856,2.513,826.869,FORWARD,0.0
15.0371,12.0,7.656,0.2004,1.2348,-106.5874,FORWARD,0.0
15.0415,12.0,7.672,0.2083,0.5857,-57.1788,FORWARD,0.0
15.044,12.0,7.688,0.2415,2.9302,206.7212,FORWARD,0.0
15.0495,12.0,7.71,0.2251,-0.6805,-287.2048,FORWARD,0.0
15.0528,12.0,7.729,0.2434,1.381,155.4757,FORWARD,0.0
15.0593,11.9999,7.748,0.2611,0.7819,-45.5579,FORWARD,0.0
15.0627,11.9999,7.765,0.2818,1.6851,73.3543,FORWARD,0.0
15.0702,11.9999,7.784,0.2748,-0.0281,-131.9393,FORWARD,0.0
15.073,11.9999,7.801,0.2952,2.1754,234.6028,FORWARD,0.0
15.0806,12.0,7.818,0.2848,-0.3323,-222.1515,FORWARD,0.0
15.0827,12.0,7.834,0.1797,-10.0384,-927.5192,FORWARD,0.0
15.0867,12.0,7.851,0.1683,-1.6632,675.1498,FORWARD,0.0
15.0888,12.0,7.868,0.1551,-1.1209,46.0769,FORWARD,0.0
15.0915,11.9999,7.885,0.1685,0.9455,145.5373,FORWARD,0.0
15.094,11.9999,7.901,0.1841,1.1743,17.2528,FORWARD,0.0
15.0994,11.9999,7.924,0.2114,4.0021,255.9243,FORWARD,0.0
15.1032,11.9999,7.942,0.1906,-1.2952,-329.2024,FORWARD,0.0
15.1094,11.9999,7.96,0.2374,0.1225,115.9325,FORWARD,0.0
15.1127,11.9999,7.976,0.2688,2.4896,187.4788,FORWARD,0.0
15.1172,12.0,7.992,0.2627,-0.3283,-152.2618,FORWARD,0.0
15.1201,12.0,8.009,0.2883,2.367,249.202,FORWARD,0.0
15.1265,12.0,8.032,0.2853,0.6061,-152.0873,FORWARD,0.0
15.1306,12.0,8.048,0.2908,0.3709,-15.9196,FORWARD,0.0
15.1379,12.0,8.068,0.3049,-0.3129,-59.3135,FORWARD,0.0
15.1401,12.0,8.083,0.1579,-11.9504,-945.8139,FORWARD,0.0
15.1419,12.0,8.101,0.167,0.7067,981.86,FORWARD,0.0
15.1457,12.0,8.119,0.1623,-1.7577,-228.8887,FORWARD,0.0
15.1498,12.0,8.136,0.2034,1.9301,382.563,FORWARD,0.0
15.1522,12.0,8.153,0.2241,1.6887,-19.6673,FORWARD,0.0
15.1548,12.0,8.168,0.2252,0.0892,-124.9939,FORWARD,0.0
15.1575,12.0,8.185,0.2347,0.7244,48.3464,FORWARD,0.0
15.1619,12.0,8.201,0.1695,-2.8246,-153.6361,FORWARD,0.0
15.167,12.0,8.219,0.25,-0.4009,202.9355,FORWARD,0.0
15.1695,12.0,8.237,0.2491,-0.0799,29.1151,FORWARD,0.0
15.1749,12.0001,8.258,0.2551,1.5454,142.514,FORWARD,0.0
15.1777,12.0001,8.275,0.2464,-0.7724,-205.3126,FORWARD,0.0
15.1842,12.0001,8.296,0.2502,0.1473,73.9294,FORWARD,0.0
15.1875,12.0001,8.313,0.228,-1.6431,-132.804,FORWARD,0.0
15.193,12.0,8.331,0.2342,0.9179,244.2778,FORWARD,0.0
15.1964,12.0,8.348,0.227,-0.5395,-108.4115,FORWARD,0.0
15.2021,12.0,8.369,0.2289,0.315,71.9864,FORWARD,0.0
15.2057,12.0,8.385,0.2187,-0.6917,-68.4102,FORWARD,0.0
15.2112,12.0,8.407,0.2233,-0.6455,4.101,FORWARD,0.0
15.2141,12.0,8.423,0.2157,-0.6085,2.9628,FORWARD,0.0
15.2196,12.0,8.443,0.226,1.2693,182.6333,FORWARD,0.0
15.2208,11.9999,8.459,0.0098,-17.0445,-1443.5064,STATIONARY,0.0
15.2209,11.9999,8.478,0.0396,3.6614,1924.1082,FORWARD,0.0
15.2211,11.9999,8.495,0.0409,0.1155,-308.6767,FORWARD,0.0
15.2214,11.9999,8.511,0.0448,0.0128,-8.1578,FORWARD,0.0
15.2216,11.9999,8.529,0.0457,0.0792,5.8188,FORWARD,0.0
15.2218,11.9999,8.546,0.0487,0.2385,12.6749,FORWARD,0.0
15.2221,11.9999,8.564,0.0563,0.4109,9.406,FORWARD,0.0
15.2227,11.9999,8.583,0.0558,0.2443,-12.0871,FORWARD,0.0
15.223,11.9999,8.602,0.0568,0.0919,-13.7346,FORWARD,0.0
15.2238,11.9999,8.62,0.0644,0.2613,13.368,FORWARD,0.0
15.2243,11.9999,8.637,0.0679,0.2617,0.0293,FORWARD,0.0
15.2249,11.9999,8.655,0.072,0.2718,0.6671,FORWARD,0.0
15.2263,11.9999,8.676,0.0937,1.2397,88.9223,FORWARD,0.0
15.2271,11.9999,8.693,0.0954,0.1268,-81.2724,FORWARD,0.0
15.2295,11.9999,8.71,0.1194,0.2353,8.8417,FORWARD,0.0
15.2307,11.9999,8.727,0.1192,-0.0207,-22.2777,FORWARD,0.0
15.2333,11.9999,8.745,0.1197,-0.3157,-28.3978,FORWARD,0.0
15.2348,11.9999,8.762,0.1223,0.2217,45.5596,FORWARD,0.0
15.2382,12.0,8.781,0.1603,0.7947,52.0199,FORWARD,0.0
15.2402,11.9999,8.798,0.1438,-1.2061,-146.536,FORWARD,0.0
15.2426,12.0,8.814,0.1272,-1.0414,10.2767,FORWARD,0.0
15.2462,12.0,8.833,0.1549,0.4758,129.5753,FORWARD,0.0
15.25,12.0,8.85,0.1563,-0.3454,-65.66,FORWARD,0.0
15.2523,11.9999,8.869,0.1772,1.7324,171.8036,FORWARD,0.0
15.2547,12.0,8.887,0.1817,-0.5052,-201.4427,FORWARD,0.0
15.2588,12.0,8.904,0.203,1.9389,222.1768,FORWARD,0.0
15.2612,12.0,8.922,0.2016,-0.1061,-159.75,FORWARD,0.0
15.2659,11.9999,8.942,0.1894,0.1751,25.7357,FORWARD,0.0
15.2669,11.9999,8.959,0.0006,-0.7206,-65.608,STATIONARY,0.0
15.2671,11.9999,8.978,0.0482,3.8929,374.1841,FORWARD,0.0
15.2674,11.9999,8.996,0.0478,-0.035,-340.3301,FORWARD,0.0
15.2679,11.9999,9.016,0.0494,-0.1127,-7.1354,FORWARD,0.0
15.2681,11.9999,9.033,0.0514,0.1764,25.0794,FORWARD,0.0
15.2688,11.9999,9.049,0.0548,-0.0269,-16.7974,FORWARD,0.0
15.2691,11.9999,9.065,0.0568,0.1634,15.3734,FORWARD,0.0
15.2695,11.9999,9.081,0.0601,0.2308,4.7429,FORWARD,0.0
15.2699,11.9999,9.098,0.061,0.0686,-12.0562,FORWARD,0.0
15.2707,11.9999,9.114,0.0684,0.5939,50.6309,FORWARD,0.0
15.2713,11.9999,9.13,0.0738,0.4725,-10.5897,FORWARD,0.0
15.2726,11.9999,9.149,0.0845,0.1977,-24.2643,FORWARD,0.0
15.2734,11.9999,9.166,0.0831,-0.1118,-25.1365,FORWARD,0.0
15.2743,11.9999,9.182,0.087,0.2893,29.5625,FORWARD,0.0
15.2763,11.9999,9.201,0.0805,-0.4039,-63.8273,FORWARD,0.0
15.2779,11.9999,9.217,0.0682,-0.8292,-28.7949,FORWARD,0.0
15.2792,11.9999,9.234,0.0803,0.9209,133.7791,FORWARD,0.0
15.2821,11.9999,9.255,0.1035,2.54,144.075,FORWARD,0.0
15.2838,11.9999,9.272,0.0947,-0.65,-237.8422,FORWARD,0.0
15.287,11.9999,9.289,0.1339,3.3267,359.9646,FORWARD,0.0
15.2885,11.9999,9.305,0.1345,0.0582,-311.5937,FORWARD,0.0
15.2923,11.9999,9.326,0.1876,4.1099,334.6336,FORWARD,0.0
15.2959,11.9999,9.344,0.1811,0.0194,-334.3558,FORWARD,0.0
15.2966,11.9999,9.362,0.0083,-16.1105,-1503.6694,STATIONARY,0.0
15.2974,11.9999,9.379,0.0597,0.0297,1185.4358,FORWARD,0.0
15.2977,11.9999,9.397,0.0593,-0.0318,-4.8104,FORWARD,0.0
15.2981,11.9999,9.412,0.0592,-0.0097,1.8565,FORWARD,0.0
15.2985,11.9999,9.429,0.0607,0.1176,9.9669,FORWARD,0.0
15.2993,11.9999,9.447,0.0605,-0.2606,-37.3807,FORWARD,0.0
15.2997,11.9999,9.463,0.0629,0.2157,42.9989,FORWARD,0.0
15.3005,11.9999,9.483,0.066,0.1239,-8.5186,FORWARD,0.0
15.3015,11.9999,9.505,0.0727,0.3841,23.8922,FORWARD,0.0
15.3021,11.9999,9.522,0.0765,0.255,-8.7967,FORWARD,0.0
15.3033,11.9999,9.54,0.0803,0.4679,19.7574,FORWARD,0.0
15.304,11.9999,9.558,0.0828,0.1829,-21.3823,FORWARD,0.0
15.3046,11.9999,9.575,0.0041,-9.0699,-964.8085,STATIONARY,0.0
15.3062,11.9999,9.595,0.0914,-0.016,702.9644,FORWARD,0.0
15.307,11.9999,9.611,0.0991,0.673,59.854,FORWARD,0.0
15.308,11.9999,9.628,0.1063,0.5443,-9.7647,FORWARD,0.0
15.3101,11.9999,9.649,0.1217,1.4545,83.8675,FORWARD,0.0
15.3113,11.9999,9.665,0.1218,0.0074,-101.0124,FORWARD,0.0
15.3137,11.9999,9.681,0.1289,0.6494,54.339,FORWARD,0.0
15.3143,11.9999,9.697,0.0751,-6.8424,-951.5947,FORWARD,0.0
15.3158,11.9999,9.714,0.0754,0.0177,433.552,FORWARD,0.0
15.3184,11.9999,9.73,0.1339,3.3003,315.2713,FORWARD,0.0
15.319,11.9999,9.746,0.0766,-6.9861,-1255.0815,FORWARD,0.0
15.3205,11.9999,9.762,0.0715,-0.3524,459.9939,FORWARD,0.0
15.3234,12.0,9.779,0.0791,0.7359,83.7316,FORWARD,0.0
15.3249,12.0,9.795,0.1604,8.9203,898.4531,FORWARD,0.0
15.3265,12.0,9.812,0.1513,-0.6441,-680.3198,FORWARD,0.0
15.3294,12.0,9.833,0.1535,0.5375,115.2379,FORWARD,0.0
15.3311,12.0,9.85,0.1588,0.38,-11.3362,FORWARD,0.0
15.3341,12.0,9.869,0.1425,-1.6066,-194.6325,FORWARD,0.0
15.3348,12.0,9.885,0.0001,-0.5896,81.2679,STATIONARY,0.0
15.3349,12.0,9.903,0.0412,3.81,407.8253,FORWARD,0.0
15.3351,12.0,9.922,0.0453,0.1464,-265.7131,FORWARD,0.0
15.3355,12.0,9.942,0.0449,-0.0306,-14.8715,FORWARD,0.0
15.3359,12.0,9.961,0.0477,0.0354,5.4876,FORWARD,0.0
15.3361,12.0,9.978,0.0481,0.037,0.1517,FORWARD,0.0
15.3367,12.0,10.0,0.052,0.0789,3.7477,FORWARD,0.0
15.337,12.0,10.016,0.0549,0.2253,11.3881,FORWARD,0.0
15.3373,12.0,10.032,0.063,0.4134,9.6401,FORWARD,0.0
15.3373,12.0,10.049,0.0019,2.5193,187.1699,STATIONARY,0.0
15.3376,12.0,10.066,0.0018,0.1868,-211.1186,STATIONARY,0.0
15.3383,12.0,10.089,0.0049,0.2631,6.5548,STATIONARY,0.0
15.3389,12.0,10.105,0.0017,-0.2151,-31.3899,STATIONARY,0.0
15.3398,12.0,10.125,0.0108,0.1232,28.26,STATIONARY,0.0
15.3402,12.0,10.14,0.0205,0.0538,-6.1625,FORWARD,0.0
15.3413,12.0,10.159,0.0331,1.2257,113.83,FORWARD,0.0
15.3426,12.0,10.176,0.0343,0.2606,-87.0461,FORWARD,0.0
15.3432,12.0,10.193,0.045,1.0395,75.6126,FORWARD,0.0
15.345,12.0,10.21,0.039,-0.1539,-94.0638,FORWARD,0.0
15.3459,12.0,10.23,0.0812,4.0991,413.4675,FORWARD,0.0
15.3474,12.0,10.246,0.0741,-0.4529,-290.1699,FORWARD,0.0
15.3502,11.9999,10.263,0.1036,2.0276,209.0874,FORWARD,0.0
15.3508,11.9999,10.279,0.0069,-9.1635,-1060.0819,STATIONARY,0.0
15.3508,11.9999,10.31,0.0017,0.0,756.4167,STATIONARY,0.0
15.3508,11.9999,10.33,0.0021,0.0,-0.0005,STATIONARY,-1.2449
15.3511,11.9999,10.347,0.0393,2.5091,160.5051,FORWARD,-2.6127
15.352,11.9999,10.364,0.0358,-0.0933,-186.569,FORWARD,-4.9889
15.3524,11.9999,10.384,0.0343,-0.1221,-2.3332,FORWARD,-6.0674
15.3527,11.9999,10.401,0.0329,-0.1177,0.3392,FORWARD,-8.1423
15.3534,11.9998,10.42,0.0295,-0.1397,-1.8016,FORWARD,-8.1423
15.3537,11.9998,10.436,0.0281,-0.1116,1.9534,FORWARD,-10.4686
15.354,11.9998,10.452,0.0265,-0.1219,-0.7654,FORWARD,-10.4686
15.3545,11.9997,10.468,0.0229,-0.1746,-4.5868,FORWARD,-12.7595
15.3547,11.9997,10.485,0.0206,-0.2259,-4.9757,STATIONARY,-13.7646
15.355,11.9997,10.503,0.0167,-0.17,4.5144,STATIONARY,-15.6087
15.3552,11.9996,10.52,0.0154,-0.1378,2.2434,STATIONARY,-17.9461
15.3553,11.9996,10.536,0.0137,-0.1423,-0.3466,STATIONARY,-19.0634
15.3554,11.9996,10.554,0.0125,-0.1326,0.6726,STATIONARY,-21.5522
15.3555,11.9996,10.571,0.0086,-0.2356,-9.8922,STATIONARY,-22.4632
15.3555,11.9996,10.587,0.0075,-0.1855,4.0725,STATIONARY,-23.5389
15.3555,11.9996,10.604,0.0072,-0.1334,3.9646,STATIONARY,-25.9409
15.3554,11.9997,10.62,0.0155,-0.7906,-69.4809,STATIONARY,-26.7686
15.3549,11.9997,10.636,0.0516,-3.7086,-260.6144,REVERSE,-27.7289
15.3535,12.0,10.655,0.0529,0.0373,273.7825,REVERSE,-30.2319
15.3529,12.0001,10.673,0.0529,0.0133,-1.9982,REVERSE,-31.2812
15.3523,12.0002,10.69,0.053,0.0485,2.5573,REVERSE,-32.4865
15.3516,12.0004,10.706,0.053,0.0403,-0.5826,REVERSE,-34.8766
15.3505,12.0007,10.724,0.0532,-0.056,-8.4183,REVERSE,-34.9711
15.3499,12.0009,10.74,0.0535,0.0139,5.3267,REVERSE,-34.971
15.3487,12.0012,10.759,0.0541,-0.061,-6.2429,REVERSE,-34.9707
15.3483,12.0012,10.775,0.046,0.25,33.492,REVERSE,-34.9454
15.3464,12.0017,10.79,0.1224,-3.9174,-552.7831,REVERSE,-34.9449
15.3445,12.0021,10.808,0.168,-3.2748,50.6757,REVERSE,-34.9449
15.3399,12.0033,10.829,0.2165,-3.2837,-0.8541,REVERSE,-34.8757
15.3338,12.0048,10.847,0.2539,-0.0698,233.2201,REVERSE,-34.8464
15.3309,12.0055,10.865,0.2537,0.0656,11.172,REVERSE,-34.8464
15.3276,12.0064,10.882,0.2599,-0.4517,-39.4162,REVERSE,-34.85
15.3211,12.0081,10.904,0.2624,-0.433,1.4419,REVERSE,-34.8465
15.3179,12.0089,10.92,0.2598,0.0965,40.5992,REVERSE,-34.8437
15.3138,12.0101,10.937,0.2593,0.0701,-1.6283,REVERSE,-34.8326
15.3075,12.0117,10.956,0.3151,-4.5674,-415.578,REVERSE,-34.8349
15.3034,12.0127,10.973,0.3774,-5.0445,-40.0812,REVERSE,-34.7732
15.295,12.0146,10.994,0.3982,-0.0615,413.4545,REVERSE,-34.7484
15.2891,12.0161,11.011,0.4481,-3.5792,-249.7696,REVERSE,-34.7162
15.2785,12.0187,11.031,0.4753,0.2669,326.8107,REVERSE,-34.7143
15.2668,12.0216,11.048,0.4716,-0.1525,-36.2766,REVERSE,-34.7185
15.2635,12.0225,11.065,0.4741,-0.2644,-15.3719,REVERSE,-34.7184
15.2573,12.0241,11.082,0.4641,0.6379,63.5237,REVERSE,-34.7223
15.2469,12.0267,11.098,0.5013,-2.3148,-291.7556,REVERSE,-34.7133
15.2413,12.028,11.115,0.5431,-3.6534,-121.6639,REVERSE,-34.7133
15.2256,12.0317,11.138,0.5572,0.2759,259.4338,REVERSE,-34.6654
15.2196,12.0332,11.155,0.5563,0.0465,-20.0466,REVERSE,-34.6654
15.207,12.0363,11.172,0.561,-0.8916,-91.8748,REVERSE,-34.6685
15.2009,12.0377,11.19,0.5598,0.089,85.4428,REVERSE,-34.6676
15.1868,12.041,11.212,0.5513,0.3137,17.4964,REVERSE,-34.669
15.1799,12.0427,11.23,0.5483,0.2072,-8.1012,REVERSE,-34.669
15.1658,12.046,11.251,0.5445,0.1595,-3.7353,REVERSE,-34.6735
15.1593,12.0475,11.267,0.543,0.0895,-5.6452,REVERSE,-34.675
15.1467,12.0504,11.285,0.5521,-0.9812,-109.6929,REVERSE,-34.6765
15.1399,12.052,11.304,0.5927,-3.3701,-197.2648,REVERSE,-34.6586
15.1311,12.0539,11.32,0.5597,1.9142,336.5599,REVERSE,-34.6346
15.1232,12.0556,11.336,0.6141,-3.9143,-432.503,REVERSE,-34.6379
15.1062,12.0593,11.353,0.705,-4.9459,-91.4844,REVERSE,-34.5947
15.1,12.0607,11.369,0.7069,0.411,588.2761,REVERSE,-34.5767
15.0907,12.0627,11.387,0.6904,1.0814,47.7642,REVERSE,-34.5885
15.0748,12.0661,11.404,0.7002,-1.4053,-237.7613,REVERSE,-34.5883
15.0663,12.0679,11.421,0.7005,0.0265,112.5263,REVERSE,-34.5807
15.0564,12.07,11.438,0.6997,-0.3853,-34.6326,REVERSE,-34.5847
15.0409,12.0733,11.457,0.7131,-1.2451,-77.6901,REVERSE,-34.579
15.0309,12.0753,11.473,0.7134,0.0392,88.0046,REVERSE,-34.572
15.0136,12.0789,11.49,0.7128,-0.3824,-34.7445,REVERSE,-34.5762
15.0058,12.0805,11.507,0.7255,-1.168,-70.2055,REVERSE,-34.5716
14.989,12.0838,11.529,0.7452,-0.7269,36.642,REVERSE,-34.5576
14.9792,12.0857,11.545,0.7453,0.0277,55.0859,REVERSE,-34.5538
14.9614,12.0891,11.562,0.7539,-0.3703,-31.8209,REVERSE,-34.5508
14.9526,12.0908,11.58,0.7609,-0.6064,-19.5302,REVERSE,-34.5481
14.9432,12.0926,11.596,0.7649,-0.3046,23.6181,REVERSE,-34.5481
14.9261,12.0958,11.616,0.7922,-1.9661,-154.9356,REVERSE,-34.5352
14.9158,12.0977,11.633,0.794,-0.0849,140.5823,REVERSE,-34.5248
14.9053,12.0996,11.649,0.7915,0.1839,19.535,REVERSE,-34.5277
14.8865,12.1029,11.666,0.7859,-0.5124,-72.5968,REVERSE,-34.5277
14.877,12.1046,11.682,0.8291,-3.3157,-232.1478,REVERSE,-34.521
14.8665,12.1063,11.698,0.8608,-2.6066,56.1894,REVERSE,-34.4649
14.8457,12.1097,11.718,0.9147,-0.8356,157.9826,REVERSE,-34.4557
14.8339,12.1117,11.734,0.9113,0.2458,81.6809,REVERSE,-34.4557
14.8132,12.115,11.755,0.8957,0.7385,51.437,REVERSE,-34.4605
14.8017,12.1169,11.771,0.8913,0.2807,-34.2291,REVERSE,-34.4683
14.7803,12.1203,11.793,0.8995,-1.0532,-117.0433,REVERSE,-34.4665
14.7688,12.1221,11.809,0.9012,-0.1818,66.2765,REVERSE,-34.4628
14.7469,12.1254,11.826,0.9166,-2.1298,-184.2971,REVERSE,-34.4628
14.7373,12.1268,11.843,0.9402,-2.2462,-11.0255,REVERSE,-34.4449
14.7238,12.1287,11.859,0.9392,0.0663,156.5625,REVERSE,-34.4449
14.6998,12.1322,11.882,0.9366,-0.439,-41.0008,REVERSE,-34.442
14.6875,12.1339,11.898,0.9362,-0.0217,30.9888,REVERSE,-34.442
14.6658,12.1368,11.919,0.9597,-2.2865,-218.77,REVERSE,-34.4407
14.6479,12.1391,11.941,0.9819,-0.3088,246.0232,REVERSE,-34.4139
14.6336,12.141,11.957,0.9701,0.7385,69.4915,REVERSE,-34.4203
14.6116,12.1437,11.977,0.9928,-1.8503,-246.2939,REVERSE,-34.413
14.589,12.1464,11.993,1.0176,-1.4406,37.917,REVERSE,-34.3969
14.5801,12.1475,12.01,1.0172,0.063,168.4459,REVERSE,-34.3916
14.5663,12.1491,12.026,1.0077,0.6194,39.6561,REVERSE,-34.3916
14.541,12.152,12.048,1.011,-0.8458,-123.9514,REVERSE,-34.3991
14.5267,12.1535,12.064,1.0054,0.32,80.1396,REVERSE,-34.396
14.5133,12.155,12.08,1.0033,0.0842,-17.2871,REVERSE,-34.3994
14.4905,12.1573,12.097,1.0319,-2.3783,-240.389,REVERSE,-34.3912
14.467,12.1596,12.114,1.0625,-0.5801,144.3668,REVERSE,-34.3655
14.4527,12.1609,12.134,1.059,0.2035,56.782,REVERSE,-34.3652
14.439,12.1622,12.151,1.0577,0.0432,-12.1298,REVERSE,-34.3652
14.4138,12.1644,12.169,1.0728,-1.4508,-136.3094,REVERSE,-34.3676
14.4045,12.1652,12.185,1.0813,-0.7815,55.3278,REVERSE,-34.3641
14.3777,12.1674,12.208,1.0809,-0.0563,54.6471,REVERSE,-34.3544
14.3611,12.1687,12.224,1.0676,0.7428,50.5376,REVERSE,-34.3582
14.3477,12.1697,12.242,1.0707,-0.2762,-79.9142,REVERSE,-34.3628
14.3191,12.1718,12.26,1.0677,-0.3709,-7.4305,REVERSE,-34.3628
14.3056,12.1727,12.277,1.0728,-0.4612,-7.0467,REVERSE,-34.361
14.2906,12.1737,12.295,1.0732,-0.4258,2.7718,REVERSE,-34.3612
14.2642,12.1753,12.31,1.0816,-0.7282,-24.488,REVERSE,-34.3612
14.2524,12.176,12.327,1.0997,-1.6564,-84.5079,REVERSE,-34.3486
14.2398,12.1766,12.344,1.1143,-1.2982,31.1442,REVERSE,-34.3322
14.2116,12.178,12.361,1.1222,-0.3176,77.1595,REVERSE,-34.3308
14.2007,12.1786,12.377,1.1158,0.6603,98.0195,REVERSE,-34.3308
14.1703,12.1799,12.399,1.1049,0.1533,-35.9109,REVERSE,-34.3356
14.1559,12.1805,12.415,1.1066,-0.1963,-26.4803,REVERSE,-34.3394
14.1429,12.181,12.433,1.1172,-0.9407,-62.2616,REVERSE,-34.3329
14.1126,12.182,12.454,1.1203,-1.0251,-7.0813,REVERSE,-34.3348
14.0993,12.1824,12.47,1.1318,-1.0195,0.4638,REVERSE,-34.3348
14.0744,12.183,12.489,1.1334,0.3343,139.3507,REVERSE,-34.3197
14.0592,12.1834,12.506,1.1338,-0.0404,-27.3809,REVERSE,-34.3201
14.0335,12.1838,12.525,1.1632,-1.6933,-151.1595,REVERSE,-34.3105
14.0208,12.184,12.542,1.1802,-1.5679,11.3766,REVERSE,-34.2949
13.9883,12.1843,12.562,1.1734,0.2071,128.4971,REVERSE,-34.2984
13.9737,12.1844,12.58,1.1768,-0.3291,-42.5139,REVERSE,-34.2984
13.9459,12.1845,12.599,1.1953,-1.5706,-114.8955,REVERSE,-34.2966
13.9295,12.1844,12.615,1.1953,-0.0864,106.477,REVERSE,-34.2847
13.9137,12.1844,12.632,1.1929,0.1072,14.367,REVERSE,-34.2847
13.883,12.1841,12.653,1.1947,-0.4625,-45.9817,REVERSE,-34.2885
13.8563,12.1837,12.669,1.2222,-1.4895,-94.0177,REVERSE,-34.2744
13.844,12.1835,12.689,1.243,-2.0526,-55.4929,REVERSE,-34.2632
13.8251,12.183,12.705,1.2355,0.3847,156.8902,REVERSE,-34.258
13.8083,12.1826,12.721,1.2289,0.4007,1.1487,REVERSE,-34.2675
13.7781,12.1818,12.739,1.2356,-0.8834,-111.3552,REVERSE,-34.2675
13.7614,12.1812,12.755,1.234,0.0151,65.2176,REVERSE,-34.2619
13.7449,12.1807,12.772,1.2298,0.2121,14.3558,REVERSE,-34.2647
13.726,12.1799,12.789,1.2156,0.7836,36.2736,REVERSE,-34.2647
13.6979,12.1788,12.809,1.238,-2.3032,-304.4472,REVERSE,-34.2677
13.6807,12.1779,12.825,1.2389,-0.1632,151.6891,REVERSE,-34.2587
13.6623,12.177,12.841,1.2264,0.7189,57.7188,REVERSE,-34.2587
13.6326,12.1754,12.86,1.2393,-1.2678,-176.5024,REVERSE,-34.2686
13.6169,12.1744,12.876,1.2439,-0.4439,63.7744,REVERSE,-34.2578
13.5869,12.1725,12.893,1.2565,-0.6029,-13.0222,REVERSE,-34.2513
13.5721,12.1715,12.913,1.2643,-0.7202,-9.8323,REVERSE,-34.247
13.5546,12.1703,12.931,1.2604,0.1807,63.6412,REVERSE,-34.2484
13.5252,12.168,12.947,1.2766,-1.7813,-187.9928,REVERSE,-34.2431
13.5132,12.1671,12.964,1.2737,0.2775,214.4681,REVERSE,-34.2369
13.493,12.1655,12.98,1.254,1.0977,50.0188,REVERSE,-34.2527
13.4625,12.1629,12.997,1.2672,-1.983,-293.2242,REVERSE,-34.2527
13.4473,12.1615,13.013,1.2764,-0.8212,95.626,REVERSE,-34.2391
13.4294,12.1598,13.03,1.2709,0.2929,77.1749,REVERSE,-34.2375
13.4115,12.1581,13.046,1.2631,0.4329,9.6719,REVERSE,-34.2463
13.3823,12.1551,13.061,1.2505,0.6494,21.734,REVERSE,-34.248
13.3707,12.1539,13.078,1.2394,1.1892,56.4369,REVERSE,-34.248
13.3394,12.1505,13.101,1.2474,-1.3376,-219.3517,REVERSE,-34.2599
13.3219,12.1486,13.117,1.2463,-0.018,91.9677,REVERSE,-34.2599
13.2897,12.1447,13.141,1.2546,0.1025,8.3218,REVERSE,-34.2479
13.2719,12.1425,13.158,1.2485,0.3248,15.248,REVERSE,-34.2479
13.2387,12.1383,13.181,1.2487,0.0583,-18.7862,REVERSE,-34.2523
13.2236,12.1363,13.199,1.2566,-0.7203,-63.126,REVERSE,-34.2523
13.1923,12.132,13.219,1.2684,-0.6924,2.2613,REVERSE,-34.2443
13.1779,12.1299,13.236,1.2817,-1.2099,-44.8204,REVERSE,-34.2319
13.1488,12.1257,13.255,1.3078,-2.2624,-104.1642,REVERSE,-34.2256
13.1327,12.1232,13.272,1.3141,-0.5554,135.4944,REVERSE,-34.215
13.1132,12.1202,13.288,1.303,0.6317,77.0656,REVERSE,-34.2226
13.0824,12.1154,13.31,1.3149,-1.4698,-193.0343,REVERSE,-34.2194
13.048,12.1097,13.327,1.3125,-0.1272,104.325,REVERSE,-34.2159
13.0336,12.1073,13.346,1.324,-1.0897,-85.0393,REVERSE,-34.2126
13.0019,12.1017,13.364,1.3342,-0.3092,62.1636,REVERSE,-34.2029
12.9867,12.099,13.382,1.3415,-0.6946,-32.8574,REVERSE,-34.2005
12.9707,12.0961,13.4,1.3456,-0.4158,22.7041,REVERSE,-34.197
12.9385,12.0901,13.417,1.3547,-1.7733,-132.5446,REVERSE,-34.1964
12.9228,12.0871,13.433,1.362,-0.6913,90.9447,REVERSE,-34.1873
12.8896,12.0806,13.449,1.3621,-0.0453,50.7018,REVERSE,-34.1854
12.8753,12.0778,13.466,1.3737,-1.1561,-103.1555,REVERSE,-34.1829
12.8622,12.0751,13.483,1.3677,0.4359,115.2436,REVERSE,-34.1856
12.8292,12.0683,13.502,1.3683,-0.7528,-104.7157,REVERSE,-34.1855
12.813,12.0649,13.519,1.3716,-0.3701,31.0455,REVERSE,-34.1827
12.7798,12.0577,13.54,1.3731,-0.8247,-40.5311,REVERSE,-34.1828
12.7636,12.0541,13.558,1.377,-0.4249,32.7545,REVERSE,-34.1828
12.7266,12.0457,13.58,1.3623,-0.0605,28.6457,REVERSE,-34.1869
12.7106,12.042,13.597,1.3653,-0.357,-24.1259,REVERSE,-34.1869
12.6771,12.0341,13.618,1.3651,-0.2904,5.399,REVERSE,-34.1858
12.6622,12.0305,13.635,1.3742,-0.8898,-52.8572,REVERSE,-34.1858
12.627,12.0218,13.653,1.3696,-0.6091,23.9582,REVERSE,-34.1812
12.6005,12.0152,13.67,1.3707,-0.8779,-23.5562,REVERSE,-34.1843
12.5849,12.0112,13.691,1.3774,-0.6591,18.439,REVERSE,-34.1786
12.5672,12.0065,13.708,1.3736,0.1697,60.9643,REVERSE,-34.1808
12.5357,11.9982,13.729,1.3848,-1.9078,-206.4096,REVERSE,-34.1808
12.5175,11.9932,13.758,0.0025,95.4834,7097.7063,STATIONARY,-1.2006
12.5175,11.9932,13.776,0.0027,-0.0003,-6096.9855,STATIONARY,-2.571
12.5175,11.9932,13.794,0.0029,-0.0003,0.0022,STATIONARY,-5.3463
12.5175,11.9932,13.817,0.0005,-0.0002,0.0031,STATIONARY,-6.4464
12.5175,11.9932,13.834,0.0003,-0.0001,0.0071,STATIONARY,-8.801
12.5175,11.9932,13.854,0.0004,-0.0,0.0059,STATIONARY,-8.801
12.5175,11.9932,13.871,0.0002,-0.0,0.0024,STATIONARY,-11.2417
12.5175,11.9932,13.888,0.0008,0.0001,0.0042,STATIONARY,-11.2417
12.5175,11.9932,13.906,0.0014,0.0001,-0.0016,STATIONARY,-14.7239
12.5175,11.9932,13.922,0.0027,0.0003,0.0279,STATIONARY,-14.7239
12.5175,11.9932,13.941,0.0016,0.0001,-0.0235,STATIONARY,-17.5522
12.5175,11.9932,13.957,0.0003,0.0001,0.0053,STATIONARY,-18.8039
12.5175,11.9932,13.974,0.0005,0.0001,-0.005,STATIONARY,-21.2179
12.5175,11.9932,13.992,0.0013,0.0,-0.0031,STATIONARY,-21.2179
12.5175,11.9932,14.009,0.0005,0.0001,0.0053,STATIONARY,-23.3704
12.5175,11.9933,14.029,0.0007,0.0001,-0.0041,STATIONARY,-25.7146
12.5175,11.9933,14.045,0.0014,0.0,-0.002,STATIONARY,-26.599
12.5175,11.9933,14.062,0.0009,0.0001,0.0044,STATIONARY,-28.8293
12.5175,11.9933,14.082,0.0007,0.0,-0.0039,STATIONARY,-29.8581
12.5175,11.9933,14.098,0.0004,0.0001,0.0023,STATIONARY,-29.8581
12.5175,11.9933,14.117,0.0009,0.0,-0.0036,STATIONARY,-33.1142
12.5175,11.9933,14.134,0.0003,0.0,-0.0013,STATIONARY,-35.0
12.5175,11.9933,14.153,0.0001,0.0004,0.0345,STATIONARY,-35.0
12.5175,11.9933,14.17,0.0003,-0.0001,-0.0347,STATIONARY,-35.0
12.5175,11.9933,14.192,0.0004,-0.0,0.0028,STATIONARY,-35.0
12.5175,11.9933,14.208,0.0006,-0.0,0.0022,STATIONARY,-35.0
12.5175,11.9933,14.225,0.0007,-0.0,-0.0007,STATIONARY,-35.0
12.5175,11.9933,14.245,0.001,-0.0,0.0012,STATIONARY,-35.0
12.5175,11.9933,14.262,0.0005,0.0,0.0013,STATIONARY,-35.0
12.5175,11.9933,14.279,0.0,0.0,-0.0,STATIONARY,-35.0
12.5175,11.9933,14.301,0.0003,0.0,-0.0004,STATIONARY,-35.0
12.5175,11.9933,14.317,0.0001,0.0,0.0005,STATIONARY,-35.0
12.5175,11.9933,14.334,0.0005,0.0,-0.0005,STATIONARY,-35.0
12.5175,11.9933,14.354,0.0007,0.0,-0.0002,STATIONARY,-35.0
12.5175,11.9933,14.371,0.0004,0.0,0.0003,STATIONARY,-35.0
12.5175,11.9933,14.388,0.0025,0.0,0.0004,STATIONARY,-35.0
12.5175,11.9933,14.405,0.0016,0.0,-0.0006,STATIONARY,-35.0
12.5175,11.9933,14.422,0.0011,0.0,-0.0005,STATIONARY,-35.0
12.5175,11.9933,14.439,0.001,0.0,0.0004,STATIONARY,-35.0
12.5175,11.9933,14.455,0.0013,0.0,-0.0001,STATIONARY,-35.0
12.5175,11.9933,14.472,0.0019,0.0,-0.0003,STATIONARY,-35.0
12.5175,11.9933,14.496,0.0004,0.0,0.0002,STATIONARY,-35.0
12.5175,11.9933,14.512,0.0002,0.0,-0.0001,STATIONARY,-35.0
12.5175,11.9933,14.528,0.0009,0.0,0.0002,STATIONARY,-35.0
12.5175,11.9933,14.546,0.0001,0.0,-0.0003,STATIONARY,-35.0
12.5175,11.9933,14.569,0.0,0.0,0.0031,STATIONARY,-35.0
12.5175,11.9933,14.585,0.0004,-0.0,-0.0043,STATIONARY,-35.0
12.5175,11.9933,14.607,0.0007,-0.0,0.0006,STATIONARY,-35.0
12.5175,11.9933,14.624,0.0001,0.0,0.0006,STATIONARY,-35.0
12.5175,11.9933,14.645,0.0011,-0.0,-0.0003,STATIONARY,-35.0
12.5175,11.9933,14.664,0.0001,0.0,0.0003,STATIONARY,-35.0
12.5175,11.9933,14.682,0.0007,0.0,-0.0001,STATIONARY,-35.0
12.5175,11.9933,14.698,0.0004,0.0,0.0001,STATIONARY,-35.0
12.5175,11.9933,14.715,0.0007,0.0,-0.0001,STATIONARY,-35.0
12.5175,11.9933,14.738,0.0002,-0.0,-0.0003,STATIONARY,-35.0
12.5175,11.9933,14.754,0.0003,0.0,0.0018,STATIONARY,-35.0
12.5175,11.9933,14.775,0.0011,-0.0,-0.0024,STATIONARY,-35.0
12.5175,11.9933,14.791,0.0003,0.0,0.0001,STATIONARY,-35.0
12.5175,11.9933,14.81,0.0007,-0.0,-0.0002,STATIONARY,-33.25
12.5175,11.9933,14.829,0.0,0.0,0.0002,STATIONARY,-31.5
12.5175,11.9933,14.852,0.0002,0.0,-0.0001,STATIONARY,-28.0
12.5175,11.9933,14.869,0.0004,-0.0,-0.0001,STATIONARY,-26.25
12.5175,11.9933,14.886,0.0024,0.0,0.0002,STATIONARY,-24.5
12.5175,11.9933,14.905,0.0031,-0.0,-0.0003,STATIONARY,-22.75
12.5175,11.9933,14.925,0.0009,0.0,0.0003,STATIONARY,-21.0
12.5175,11.9933,14.943,0.0006,-0.0,-0.0003,STATIONARY,-19.25
12.5175,11.9933,14.96,0.0004,0.0,0.0002,STATIONARY,-19.25
12.5175,11.9933,14.977,0.0001,0.0,0.0001,STATIONARY,-15.75
12.5175,11.9933,14.994,0.0007,-0.0,-0.0001,STATIONARY,-15.75
12.5175,11.9933,15.014,0.0008,0.0,0.0001,STATIONARY,-14.0
12.5175,11.9933,15.032,0.0003,-0.0,-0.0002,STATIONARY,-10.5
12.5175,11.9933,15.049,0.0009,0.0,0.0004,STATIONARY,-8.75
12.5175,11.9933,15.066,0.0002,0.0,-0.0001,STATIONARY,-7.0
12.5175,11.9933,15.083,0.0004,0.0,0.0002,STATIONARY,-7.0
12.5175,11.9933,15.099,0.0001,-0.0,-0.0005,STATIONARY,-5.25
12.5175,11.9933,15.123,0.0002,0.0,0.0004,STATIONARY,-1.75
12.5175,11.9933,15.14,0.0009,-0.0,-0.0003,STATIONARY,0.0
12.5175,11.9933,15.161,0.0034,0.0,0.0004,STATIONARY,0.8493
12.5175,11.9933,15.176,0.0007,-0.0,-0.0002,STATIONARY,1.9286
12.5175,11.9933,15.194,0.0007,-0.0,-0.0,STATIONARY,4.2178
12.5175,11.9933,15.212,0.0002,-0.0,-0.0001,STATIONARY,4.2178
12.5175,11.9933,15.228,0.0004,-0.0,0.0,STATIONARY,6.344
12.5175,11.9933,15.246,0.0006,0.0,0.0001,STATIONARY,7.3072
12.5165,11.9927,15.262,0.0581,-0.6379,-55.379,REVERSE,9.4202
12.516,11.9923,15.28,0.0566,0.1354,72.0169,REVERSE,10.1927
12.5154,11.9919,15.296,0.055,0.1308,-0.3789,REVERSE,11.059
12.5146,11.9913,15.311,0.0532,0.1144,-1.0255,REVERSE,13.1506
12.5135,11.9905,15.328,0.0519,-0.0392,-14.6595,REVERSE,13.1506
12.513,11.9901,15.344,0.0511,0.0733,9.6315,REVERSE,14.6222
12.5125,11.9897,15.361,0.0501,0.0811,0.6297,REVERSE,16.2583
12.5116,11.989,15.379,0.0502,-0.1072,-18.7688,REVERSE,16.8919
12.5111,11.9886,15.395,0.0493,0.0675,14.0785,REVERSE,16.8919
12.5099,11.9877,15.419,0.047,0.0772,0.6658,REVERSE,19.4038
12.5095,11.9872,15.437,0.0461,0.072,-0.4019,REVERSE,20.921
12.5086,11.9865,15.456,0.0463,-0.0476,-10.8266,REVERSE,21.5639
12.5082,11.9861,15.473,0.0461,0.012,4.9935,REVERSE,23.0094
12.5073,11.9853,15.494,0.0459,-0.0074,-1.7057,REVERSE,23.6513
12.5068,11.9848,15.51,0.0455,0.0166,1.6832,REVERSE,24.4466
12.5063,11.9843,15.527,0.0449,0.0359,1.2768,REVERSE,24.4466
12.5054,11.9835,15.551,0.0447,-0.022,-4.816,REVERSE,26.6874
12.5049,11.983,15.567,0.0447,-0.0148,0.4533,REVERSE,26.6874
12.5041,11.9822,15.588,0.0523,-0.6289,-55.0248,REVERSE,26.7446
12.5033,11.9814,15.606,0.0887,-2.5196,-139.5149,REVERSE,26.735
12.5023,11.9804,15.622,0.0839,0.3364,166.0937,REVERSE,26.7299
12.5009,11.979,15.638,0.169,-6.1743,-487.554,REVERSE,26.6971
12.4971,11.9754,15.654,0.262,-4.0524,205.896,REVERSE,26.6971
12.4947,11.9731,15.67,0.2995,-2.9821,88.9858,REVERSE,26.6652
12.4912,11.9697,15.687,0.3332,-2.1768,52.0002,REVERSE,26.6481
12.4879,11.9664,15.705,0.3304,0.2759,164.8239,REVERSE,26.6283
12.4818,11.9605,15.723,0.3281,0.485,17.667,REVERSE,26.6314
12.4782,11.9569,15.739,0.3194,0.5819,6.3816,REVERSE,26.6303
12.4751,11.9538,15.756,0.3462,-1.9452,-196.3669,REVERSE,26.6303
12.4691,11.9477,15.778,0.3442,0.4722,180.212,REVERSE,26.6355
12.4657,11.9444,15.794,0.3502,-0.3672,-60.2605,REVERSE,26.6355
12.4597,11.9382,15.816,0.3482,-0.5246,-11.5486,REVERSE,26.6347
12.4565,11.935,15.833,0.3437,0.2803,60.003,REVERSE,26.6362
12.4527,11.9313,15.849,0.3876,-2.9492,-221.2111,REVERSE,26.6362
12.4449,11.9236,15.873,0.4071,-0.8373,153.5743,REVERSE,26.6132
12.4408,11.9196,15.89,0.4018,0.351,81.795,REVERSE,26.6142
12.4362,11.9152,15.907,0.4475,-3.1486,-228.7641,REVERSE,26.6142
12.4273,11.9066,15.929,0.4793,-0.3171,222.6654,REVERSE,26.5867
12.4235,11.903,15.948,0.4809,-0.1291,16.9077,REVERSE,26.5851
12.414,11.8938,15.97,0.468,0.4617,45.8625,REVERSE,26.5892
12.4092,11.8892,15.987,0.4668,0.102,-24.4752,REVERSE,26.5903
12.4044,11.8846,16.005,0.4644,0.1586,3.9155,REVERSE,26.5937
12.3951,11.8756,16.026,0.4674,-0.8898,-75.0491,REVERSE,26.5938
12.391,11.8718,16.041,0.4698,-0.2444,52.872,REVERSE,26.5903
12.3861,11.8671,16.058,0.4663,0.2325,32.1354,REVERSE,26.5903
12.3771,11.8585,16.079,0.4756,-0.1415,-29.7285,REVERSE,26.5893
12.3722,11.8539,16.097,0.4754,0.0303,11.9825,REVERSE,26.5875
12.3669,11.849,16.113,0.4733,0.1318,6.5572,REVERSE,26.5861
12.362,11.8443,16.131,0.4703,0.1416,0.6636,REVERSE,26.5861
12.3523,11.8353,16.154,0.4742,-0.0914,-16.3075,REVERSE,26.5891
12.348,11.8313,16.17,0.5447,-6.0692,-529.9641,REVERSE,26.539
12.3362,11.8205,16.191,0.6176,-0.4558,494.2967,REVERSE,26.5355
12.3297,11.8145,16.208,0.6174,0.0427,34.3577,REVERSE,26.5332
12.3237,11.809,16.226,0.6137,0.2779,17.5239,REVERSE,26.5361
12.3124,11.7987,16.244,0.6127,-0.0858,-28.9643,REVERSE,26.5363
12.3069,11.7936,16.261,0.6164,-0.3098,-18.0771,REVERSE,26.5363
12.2959,11.7837,16.28,0.6345,-0.9194,-50.9826,REVERSE,26.5299
12.2912,11.7795,16.297,0.6398,-0.6797,24.1393,REVERSE,26.5299
12.2777,11.7673,16.32,0.6514,0.1165,60.5833,REVERSE,26.5224
12.2706,11.7609,16.335,0.6468,0.2702,10.2733,REVERSE,26.5229
12.2646,11.7556,16.351,0.6543,-0.6325,-72.4542,REVERSE,26.5229
12.2521,11.7445,16.373,0.6703,-0.2312,30.5809,REVERSE,26.5161
12.2453,11.7385,16.388,0.6685,0.116,25.0782,REVERSE,26.5157
12.2372,11.7312,16.404,0.664,0.2537,8.2542,REVERSE,26.5169
12.2301,11.725,16.421,0.6641,-0.0187,-18.693,REVERSE,26.5186
12.2168,11.7134,16.439,0.6743,-1.0407,-82.4591,REVERSE,26.5162
12.2104,11.7078,16.454,0.7077,-2.6095,-128.1155,REVERSE,26.5162
12.2048,11.703,16.47,0.7436,-3.4795,-84.618,REVERSE,26.4959
12.196,11.6956,16.487,0.7553,-0.7321,178.1128,REVERSE,26.4959
12.1817,11.6834,16.506,0.7643,-0.6963,2.9453,REVERSE,26.4832
12.1747,11.6774,16.524,0.7747,-0.8449,-12.1662,REVERSE,26.4776
12.1651,11.6693,16.541,0.7766,-0.1093,45.0271,REVERSE,26.4744
12.1559,11.6614,16.557,0.7716,0.2859,24.7666,REVERSE,26.4744
12.1407,11.6486,16.578,0.7782,-0.7138,-79.9353,REVERSE,26.4765
12.1334,11.6425,16.594,0.7895,-0.9261,-17.173,REVERSE,26.4726
12.1171,11.629,16.611,0.8002,-0.6945,18.6291,REVERSE,26.4685
12.1102,11.6232,16.627,0.8196,-1.677,-86.9844,REVERSE,26.4685
12.1021,11.6166,16.644,0.8278,-0.6635,78.5789,REVERSE,26.457
12.0932,11.6094,16.659,0.8282,-0.049,43.8144,REVERSE,26.4555
12.0763,11.5956,16.677,0.8335,-0.3349,-21.7525,REVERSE,26.4551
12.0687,11.5895,16.694,0.8499,-1.3619,-87.9502,REVERSE,26.4514
12.0614,11.5836,16.713,0.8723,-2.0484,-62.4085,REVERSE,26.4371
12.0431,11.5689,16.73,0.8793,-0.1734,143.813,REVERSE,26.4371
12.0357,11.563,16.747,0.9031,-2.1123,-179.2569,REVERSE,26.425
12.0187,11.5496,16.766,0.9294,-0.9016,99.8322,REVERSE,26.42
12.0082,11.5414,16.783,0.9278,0.0764,67.4804,REVERSE,26.4178
11.9984,11.5337,16.8,0.926,0.0971,1.5078,REVERSE,26.4188
11.9811,11.5202,16.821,0.9492,-1.5099,-143.2184,REVERSE,26.4147
11.9711,11.5125,16.837,0.9527,-0.3025,89.8142,REVERSE,26.4098
11.9588,11.5031,16.854,0.9465,0.3282,38.0121,REVERSE,26.4139
11.9397,11.4885,16.875,0.954,-1.0243,-114.2149,REVERSE,26.4139
11.9291,11.4804,16.892,0.9551,-0.1466,61.6874,REVERSE,26.4086
11.918,11.4721,16.909,0.9486,0.382,35.7999,REVERSE,26.4086
11.897,11.4563,16.931,0.9462,0.0084,-26.077,REVERSE,26.4123
11.8783,11.4425,16.959,0.9686,-1.0161,-82.8529,REVERSE,26.4062
11.8691,11.4357,16.975,0.9835,-1.2582,-20.3722,REVERSE,26.3974
11.8476,11.42,16.994,0.9891,-0.4053,66.6012,REVERSE,26.3974
11.8375,11.4127,17.01,0.9976,-0.705,-23.5305,REVERSE,26.3946
11.8266,11.4049,17.027,1.0002,-0.2331,34.6472,REVERSE,26.3925
11.8035,11.3884,17.044,0.9971,-0.1897,3.2205,REVERSE,26.394
11.7952,11.3825,17.061,1.0294,-3.1057,-287.113,REVERSE,26.3885
11.787,11.3766,17.078,1.0367,-0.7488,238.058,REVERSE,26.3814
11.7648,11.3611,17.097,1.0452,-1.0477,-25.2051,REVERSE,26.3801
11.7455,11.3477,17.114,1.0854,-1.175,-10.5398,REVERSE,26.3644
11.7339,11.3397,17.135,1.0897,-0.3664,61.7329,REVERSE,26.3618
11.7225,11.3319,17.151,1.0937,-0.3433,1.7861,REVERSE,26.3618
11.7007,11.3171,17.172,1.1134,-2.158,-173.0171,REVERSE,26.356
11.688,11.3086,17.189,1.1138,-0.0889,147.5863,REVERSE,26.3512
11.6744,11.2995,17.206,1.1046,0.5415,41.7789,REVERSE,26.3562
11.6522,11.2847,17.226,1.1223,-1.9441,-231.9214,REVERSE,26.3526
11.6385,11.2757,17.243,1.1189,0.1511,140.489,REVERSE,26.3486
11.6256,11.2672,17.261,1.1083,0.2872,9.4205,REVERSE,26.3534
11.6021,11.252,17.279,1.1264,-1.6534,-173.7954,REVERSE,26.3507
11.5906,11.2446,17.296,1.137,-0.9076,60.5927,REVERSE,26.3453
11.5659,11.2289,17.313,1.1447,-1.1016,-16.5182,REVERSE,26.3431
11.5557,11.2224,17.329,1.1649,-1.926,-77.688,REVERSE,26.3367
11.5404,11.2128,17.344,1.1579,0.3704,144.8568,REVERSE,26.3332
11.527,11.2044,17.361,1.1527,0.3049,-4.6869,REVERSE,26.3369
11.5121,11.1952,17.378,1.1418,0.6056,19.3515,REVERSE,26.341
11.4895,11.1813,17.399,1.167,-1.6574,-205.2998,REVERSE,26.3358
11.4759,11.1731,17.417,1.1676,-0.1103,111.4542,REVERSE,26.3322
11.4488,11.1568,17.436,1.165,0.2994,28.3985,REVERSE,26.3322
11.436,11.1491,17.453,1.1694,-0.4025,-53.7473,REVERSE,26.3329
11.4222,11.1409,17.469,1.1664,0.1219,37.3319,REVERSE,26.3322
11.396,11.1256,17.486,1.1727,-0.7553,-70.4581,REVERSE,26.3324
11.3856,11.1196,17.503,1.1967,-2.3618,-156.134,REVERSE,26.3257
11.373,11.1123,17.52,1.2081,-0.9648,113.5041,REVERSE,26.3152
11.348,11.098,17.537,1.2259,-0.6038,29.111,REVERSE,26.3152
11.3348,11.0905,17.554,1.2306,-0.4368,13.2838,REVERSE,26.3099
11.3201,11.0823,17.572,1.2261,0.2449,48.8284,REVERSE,26.3117
11.2933,11.0674,17.588,1.2335,-1.1288,-119.5597,REVERSE,26.3117
11.2802,11.0602,17.605,1.2412,-0.6944,35.3329,REVERSE,26.3064
11.2542,11.046,17.623,1.2559,-0.9251,-19.8897,REVERSE,26.3015
11.2378,11.0371,17.643,1.2467,0.5051,93.8669,REVERSE,26.3007
11.2237,11.0296,17.661,1.2474,-0.1301,-48.7731,REVERSE,26.3007
11.1953,11.0145,17.681,1.2497,-0.8686,-62.0267,REVERSE,26.3039
11.1841,11.0086,17.698,1.2709,-2.1255,-123.524,REVERSE,26.2926
11.1563,10.9942,17.715,1.2833,-0.7201,119.5506,REVERSE,26.2926
11.1455,10.9887,17.733,1.2778,-0.497,18.6824,REVERSE,26.2914
11.119,10.9752,17.749,1.2859,-0.7727,-23.4154,REVERSE,26.2914
11.1021,10.9667,17.765,1.2775,0.4509,81.5025,REVERSE,26.2873
11.0867,10.959,17.782,1.2741,0.1579,-21.4258,REVERSE,26.29
11.0712,10.9513,17.798,1.2717,0.0719,-6.2245,REVERSE,26.29
11.0434,10.9377,17.818,1.2843,-1.283,-121.5284,REVERSE,26.2902
11.0278,10.9302,17.835,1.2843,-0.1081,86.0832,REVERSE,26.2902
11.0001,10.9169,17.858,1.2986,-1.3872,-117.0005,REVERSE,26.285
10.9836,10.9091,17.875,1.2956,0.102,104.1668,REVERSE,26.285
10.9537,10.8952,17.896,1.2993,-1.1618,-112.683,REVERSE,26.2845
10.937,10.8874,17.912,1.2954,0.1505,90.8805,REVERSE,26.2811
10.9233,10.8812,17.929,1.3012,-0.5586,-60.2576,REVERSE,26.2808
10.8925,10.8673,17.951,1.2935,0.1642,56.2244,REVERSE,26.2828
10.8759,10.8598,17.967,1.2816,0.7015,37.3615,REVERSE,26.2828
10.8498,10.8483,17.989,1.2849,-0.0618,-65.3395,REVERSE,26.2865
10.8324,10.8407,18.005,1.2677,1.0033,70.0025,REVERSE,26.2865
10.8046,10.8287,18.024,1.2496,0.0059,-91.4629,REVERSE,26.3002
10.7908,10.8228,18.043,1.2421,0.4738,38.0779,REVERSE,26.3011
10.7716,10.8146,18.058,1.219,1.1895,41.4,REVERSE,26.3011
10.7433,10.8027,18.082,1.1882,0.9932,-14.8865,REVERSE,26.3205
10.728,10.7964,18.098,1.1684,1.2235,16.0074,REVERSE,26.3267
10.711,10.7894,18.114,1.1422,1.4665,14.975,REVERSE,26.3358
10.6981,10.7841,18.133,1.1261,1.1488,-25.1249,REVERSE,26.35
10.669,10.7723,18.154,1.0855,1.3169,12.4194,REVERSE,26.3583
10.6579,10.7678,18.171,1.0752,0.7701,-48.173,REVERSE,26.3678
10.6346,10.7587,18.191,1.0502,0.7226,-4.3438,REVERSE,26.3728
10.6207,10.7533,18.207,1.0316,1.1328,28.118,REVERSE,26.3772
10.5973,10.7442,18.225,0.9977,1.0196,-9.99,REVERSE,26.3918
10.5876,10.7405,18.242,0.9889,0.7099,-29.1575,REVERSE,26.3918
10.5646,10.7317,18.263,0.9544,1.3362,46.5529,REVERSE,26.4064
10.5553,10.7282,18.279,0.943,0.9773,-33.4923,REVERSE,26.4123
10.5429,10.7236,18.296,0.9246,1.1344,10.8531,REVERSE,26.4249
10.5224,10.716,18.316,0.8913,1.1758,3.6358,REVERSE,26.431
10.5121,10.7122,18.332,0.8735,1.2594,6.5586,REVERSE,26.431
10.4907,10.7044,18.354,0.8367,1.217,-3.4314,REVERSE,26.444
10.4807,10.7008,18.37,0.819,1.2417,1.8955,REVERSE,26.4573
10.4686,10.6964,18.387,0.7979,1.165,-4.6898,REVERSE,26.4642
10.4503,10.6899,18.404,0.7668,1.1566,-0.6873,REVERSE,26.4771
10.4415,10.6868,18.423,0.7507,1.1637,0.5632,REVERSE,26.4829
10.4337,10.6841,18.44,0.7373,1.1004,-5.6093,REVERSE,26.4939
10.416,10.6779,18.459,0.7071,0.9412,-13.879,REVERSE,26.4939
10.4075,10.6749,18.475,0.691,1.1168,13.4044,REVERSE,26.5048
10.3999,10.6723,18.49,0.6772,1.0709,-3.8079,REVERSE,26.5048
10.3841,10.6669,18.512,0.649,0.9453,-10.8895,REVERSE,26.521
10.3772,10.6646,18.528,0.6359,1.0446,8.5601,REVERSE,26.521
10.3625,10.6596,18.549,0.6091,0.8858,-13.846,REVERSE,26.5359
10.3544,10.6569,18.566,0.5929,1.006,8.3445,REVERSE,26.5408
10.3398,10.6521,18.583,0.5684,0.8959,-8.7914,REVERSE,26.5509
10.3349,10.6504,18.601,0.5621,0.7078,-20.1679,REVERSE,26.5531
10.3283,10.6483,18.616,0.5483,0.9863,21.7524,REVERSE,26.5577
10.3155,10.6441,18.635,0.5239,0.8583,-11.0051,REVERSE,26.5676
10.3099,10.6423,18.651,0.5129,0.8855,2.3572,REVERSE,26.5716
10.3035,10.6402,18.668,0.5007,0.8265,-4.3383,REVERSE,26.5804
10.2925,10.6367,18.689,0.4796,0.7849,-3.5456,REVERSE,26.5841
10.2864,10.6348,18.705,0.4678,0.7974,0.9147,REVERSE,26.5925
10.2765,10.6317,18.724,0.4482,0.7388,-5.2851,REVERSE,26.5958
10.2714,10.6301,18.74,0.4379,0.7798,3.3515,REVERSE,26.5993
10.2608,10.6268,18.757,0.4162,0.783,0.2586,REVERSE,26.6075
10.2581,10.6259,18.775,0.2057,18.6746,1673.3096,REVERSE,25.4855
10.2579,10.6261,18.791,0.0039,16.4152,-194.2224,STATIONARY,25.4855
10.258,10.6261,18.813,0.0004,0.0019,-1294.9148,STATIONARY,21.2914
10.258,10.6261,18.831,0.0002,0.0004,-0.114,STATIONARY,19.7293
10.258,10.6261,18.847,0.0015,0.0007,0.0219,STATIONARY,17.7503
10.258,10.6261,18.863,0.0009,0.0008,0.0023,STATIONARY,14.0023
10.258,10.6261,18.881,0.0012,0.0006,-0.018,STATIONARY,12.4916
10.2579,10.6261,18.898,0.001,0.0008,0.0207,STATIONARY,12.4916
10.2579,10.6261,18.921,0.0011,0.0006,-0.0203,STATIONARY,7.3072
10.2579,10.6261,18.938,0.0011,0.001,0.0285,STATIONARY,5.0029
10.2579,10.6261,18.954,0.001,0.0007,-0.018,STATIONARY,5.0029
10.2579,10.6261,18.973,0.0008,-0.0001,-0.0653,STATIONARY,0.2263
10.2579,10.6261,18.99,0.0008,-0.0002,-0.0098,STATIONARY,0.0
10.2579,10.6261,19.011,0.0031,-0.0002,0.007,STATIONARY,0.0
10.2579,10.6261,19.028,0.0006,-0.0002,-0.0059,STATIONARY,0.0
10.2579,10.6261,19.046,0.0011,-0.0003,-0.0013,STATIONARY,0.0
10.2579,10.6261,19.063,0.0007,-0.0002,0.0029,STATIONARY,0.0
10.2578,10.6261,19.08,0.0004,-0.0002,0.0005,STATIONARY,0.0
10.2578,10.6261,19.096,0.0028,-0.0002,0.0044,STATIONARY,0.0
10.2578,10.6261,19.112,0.003,-0.0002,-0.0024,STATIONARY,0.0
10.2578,10.6261,19.135,0.0004,-0.0002,0.0027,STATIONARY,0.0
10.2578,10.6261,19.151,0.0009,-0.0002,-0.0005,STATIONARY,0.0
10.2578,10.6261,19.172,0.0015,-0.0001,0.0012,STATIONARY,0.0
10.2578,10.6261,19.189,0.0,-0.0017,-0.1352,STATIONARY,0.0
10.2578,10.6261,19.206,0.0,0.0,0.1794,STATIONARY,0.0
10.2578,10.6261,19.225,0.0,0.0,0.0,STATIONARY,0.0
10.2578,10.6261,19.244,0.0,0.0,0.0,STATIONARY,0.0
10.2578,10.6261,19.26,0.0,0.0,0.0,STATIONARY,0.0
10.2578,10.6261,19.283,0.0,0.0,0.0,STATIONARY,0.0
10.2578,10.6261,19.305,0.0,0.0,0.0,STATIONARY,0.0
10.2578,10.6261,19.323,0.0,0.0,0.0,STATIONARY,0.0
10.2578,10.6261,19.341,0.0,0.0,0.0,STATIONARY,0.0
10.2578,10.6261,19.358,0.0,0.0,0.0,STATIONARY,0.0
10.2578,10.6261,19.375,0.0,0.0,0.0,STATIONARY,0.0
10.2578,10.6261,19.391,0.0,0.0,0.0,STATIONARY,0.0
10.2578,10.6261,19.409,0.0,0.0,0.0,STATIONARY,0.0
10.2578,10.6261,19.427,0.0,0.0,0.0,STATIONARY,0.0
10.2578,10.6261,19.443,0.0,0.0,0.0,STATIONARY,0.0
10.2578,10.6261,19.46,0.0,0.0,0.0,STATIONARY,0.0
10.2578,10.6261,19.481,0.0,0.0,0.0,STATIONARY,0.0
10.2578,10.6261,19.498,0.0,0.0,0.0,STATIONARY,0.0
10.2578,10.6261,19.515,0.0,0.0,0.0,STATIONARY,0.0
10.2578,10.6261,19.531,0.0,0.0,0.0,STATIONARY,0.0
10.2578,10.6261,19.547,0.0,0.0,0.0,STATIONARY,0.0
10.2578,10.6261,19.567,0.0,0.0,0.0,STATIONARY,0.0
10.2578,10.6261,19.584,0.0,0.0,0.0,STATIONARY,0.0
10.2578,10.6261,19.607,0.0,0.0,0.0,STATIONARY,0.0
10.2578,10.6261,19.623,0.0,0.0,0.0,STATIONARY,0.0
10.2578,10.6261,19.64,0.0,0.0,0.0,STATIONARY,0.0
10.2578,10.6261,19.657,0.0,0.0,0.0,STATIONARY,0.0
10.2578,10.6261,19.672,0.0,0.0,0.0,STATIONARY,0.0
10.2578,10.6261,19.689,0.0,0.0,0.0,STATIONARY,0.0
10.2578,10.6261,19.706,0.0,0.0,0.0,STATIONARY,0.0
10.2578,10.6261,19.724,0.0,0.0,0.0,STATIONARY,0.0
10.2578,10.6261,19.739,0.0,0.0,0.0,STATIONARY,0.0
10.2578,10.6261,19.761,0.0,0.0,0.0,STATIONARY,0.0
10.2578,10.6261,19.778,0.0,0.0,0.0,STATIONARY,0.0
10.2578,10.6261,19.797,0.0,0.0,0.0,STATIONARY,0.0
10.2578,10.6261,19.815,0.0,0.0,0.0,STATIONARY,0.0
10.2578,10.6261,19.83,0.0,0.0,0.0,STATIONARY,0.0
10.2578,10.6261,19.847,0.0,0.0,0.0,STATIONARY,0.0
10.2578,10.6261,19.863,0.0,0.0,0.0,STATIONARY,0.0
10.2578,10.6261,19.88,0.0,0.0,0.0,STATIONARY,0.0
10.2578,10.6261,19.896,0.0,0.0,0.0,STATIONARY,0.0
10.2578,10.6261,19.912,0.0,0.0,0.0,STATIONARY,0.0
10.2578,10.6261,19.932,0.0,0.0,0.0,STATIONARY,0.0
10.2578,10.6261,19.949,0.0,0.0,0.0,STATIONARY,0.0
10.2578,10.6261,19.972,0.0,0.0,0.0,STATIONARY,0.0
10.2578,10.6261,19.988,0.0,0.0,0.0,STATIONARY,0.0
10.2578,10.6261,20.01,0.0,0.0,0.0,STATIONARY,0.0
10.2578,10.6261,20.027,0.0,0.0,0.0,STATIONARY,0.0
10.2578,10.6261,20.045,0.0,0.0,0.0,STATIONARY,0.0
10.2578,10.6261,20.062,0.0,0.0,0.0,STATIONARY,0.0
10.2578,10.6261,20.081,0.0,0.0,0.0,STATIONARY,0.0
10.2578,10.6261,20.097,0.0,0.0,0.0,STATIONARY,0.0
10.2578,10.6261,20.112,0.0,0.0,0.0,STATIONARY,0.0
10.2578,10.6261,20.128,0.0,0.0,0.0,STATIONARY,0.0
10.2578,10.6261,20.146,0.0,0.0,0.0,STATIONARY,0.0
10.2578,10.6261,20.163,0.0,0.0,0.0,STATIONARY,0.0
10.2578,10.6261,20.181,0.0,0.0,0.0,STATIONARY,0.0
10.2578,10.6261,20.197,0.0,0.0,0.0,STATIONARY,0.0
10.2578,10.6261,20.214,0.0,0.0,0.0,STATIONARY,0.0
10.2578,10.6261,20.232,0.0,0.0,0.0,STATIONARY,0.0
10.2578,10.6261,20.249,0.0,0.0,0.0,STATIONARY,0.0
10.2578,10.6261,20.265,0.0,0.0,0.0,STATIONARY,0.0
10.2578,10.6261,20.282,0.0,0.0,0.0,STATIONARY,0.0
10.2578,10.6261,20.299,0.0,0.0,0.0,STATIONARY,0.0
10.2578,10.6261,20.315,0.0,0.0,0.0,STATIONARY,0.0
10.2578,10.6261,20.332,0.0,0.0,0.0,STATIONARY,0.0
10.2578,10.6261,20.349,0.0,0.0,0.0,STATIONARY,0.0
10.2578,10.6261,20.365,0.0,0.0,0.0,STATIONARY,0.0
10.2578,10.6261,20.385,0.0,0.0,0.0,STATIONARY,0.0
10.2578,10.6261,20.402,0.0,0.0,0.0,STATIONARY,0.0
10.2578,10.6261,20.418,0.0,0.0,0.0,STATIONARY,0.0
10.2578,10.6261,20.439,0.0,0.0,0.0,STATIONARY,0.0
10.2578,10.6261,20.457,0.0,0.0,0.0,STATIONARY,0.0
10.2578,10.6261,20.473,0.0,0.0,0.0,STATIONARY,0.0
10.2578,10.6261,20.489,0.0,0.0,0.0,STATIONARY,0.0
10.2578,10.6261,20.506,0.0,0.0,0.0,STATIONARY,0.0
10.2578,10.6261,20.525,0.0,0.0,0.0,STATIONARY,0.0
10.2578,10.6261,20.541,0.0,0.0,0.0,STATIONARY,0.0
10.2578,10.6261,20.559,0.0,0.0,0.0,STATIONARY,0.0
10.2578,10.6261,20.58,0.0,0.0,0.0,STATIONARY,0.0
10.2578,10.6261,20.597,0.0,0.0,0.0,STATIONARY,0.0
10.2578,10.6261,20.613,0.0,0.0,0.0,STATIONARY,0.0
10.2578,10.6261,20.629,0.0,0.0,0.0,STATIONARY,0.0
10.2578,10.6261,20.646,0.0,0.0,0.0,STATIONARY,0.0
10.2578,10.6261,20.664,0.0,0.0,0.0,STATIONARY,0.0
10.2578,10.6261,20.685,0.0,0.0,0.0,STATIONARY,0.0
10.2578,10.6261,20.703,0.0,0.0,0.0,STATIONARY,0.0
10.2578,10.6261,20.721,0.0,0.0,0.0,STATIONARY,0.0
10.2578,10.6261,20.738,0.0,0.0,0.0,STATIONARY,0.0
10.2578,10.6261,20.755,0.0,0.0,0.0,STATIONARY,0.0
10.2578,10.6261,20.771,0.0,0.0,0.0,STATIONARY,0.0
10.2578,10.6261,20.789,0.0,0.0,0.0,STATIONARY,0.0
10.2578,10.6261,20.805,0.0,0.0,0.0,STATIONARY,0.0
10.2578,10.6261,20.822,0.0,0.0,0.0,STATIONARY,0.0
10.2578,10.6261,20.84,0.0,0.0,0.0,STATIONARY,0.0
10.2578,10.6261,20.857,0.0,0.0,0.0,STATIONARY,0.0
10.2578,10.6261,20.875,0.0,0.0,0.0,STATIONARY,0.0
10.2578,10.6261,20.893,0.0,0.0,0.0,STATIONARY,0.0
10.2578,10.6261,20.91,0.0,0.0,0.0,STATIONARY,0.0
10.2578,10.6261,20.928,0.0,0.0,0.0,STATIONARY,0.0
10.2578,10.6261,20.946,0.0,0.0,0.0,STATIONARY,0.0
10.2578,10.6261,20.96,0.0,0.0,0.0,STATIONARY,0.0
10.2578,10.6261,20.977,0.0,0.0,0.0,STATIONARY,0.0
10.2578,10.6261,20.994,0.0,0.0,0.0,STATIONARY,0.0
10.2578,10.6261,21.01,0.0,0.0,0.0,STATIONARY,0.0
10.2578,10.6261,21.028,0.0,0.0,0.0,STATIONARY,0.0
10.2578,10.6261,21.044,0.0,0.0,0.0,STATIONARY,0.0
10.2578,10.6261,21.061,0.0,0.0,0.0,STATIONARY,0.0
10.2578,10.6261,21.077,0.0,0.0,0.0,STATIONARY,0.0
10.2578,10.6261,21.092,0.0,0.0,0.0,STATIONARY,0.0
10.2578,10.6261,21.11,0.0,0.0,0.0,STATIONARY,0.0
10.2578,10.6261,21.127,0.0,0.0,0.0,STATIONARY,0.0
10.2578,10.6261,21.145,0.0,0.0,0.0,STATIONARY,0.0
10.2578,10.6261,21.16,0.0,0.0,0.0,STATIONARY,0.0
10.2578,10.6261,21.177,0.0,0.0,0.0,STATIONARY,0.0
10.2578,10.6261,21.198,0.0,0.0,0.0,STATIONARY,0.0
10.2578,10.6261,21.214,0.0,0.0,0.0,STATIONARY,0.0
10.2578,10.6261,21.23,0.0,0.0,0.0,STATIONARY,0.0
10.2578,10.6261,21.249,0.0,0.0,0.0,STATIONARY,0.0
10.2578,10.6261,21.267,0.0,0.0,0.0,STATIONARY,0.0
10.2578,10.6261,21.285,0.0,0.0,0.0,STATIONARY,0.0
10.2578,10.6261,21.303,0.0,0.0,0.0,STATIONARY,0.0
10.2578,10.6261,21.321,0.0,0.0,0.0,STATIONARY,0.0
10.2578,10.6261,21.338,0.0,0.0,0.0,STATIONARY,0.0
10.2578,10.6261,21.355,0.0,0.0,0.0,STATIONARY,0.0
10.2578,10.6261,21.372,0.0,0.0,0.0,STATIONARY,0.0
10.2578,10.6261,21.387,0.0,0.0,0.0,STATIONARY,0.0
10.2578,10.6261,21.404,0.0,0.0,0.0,STATIONARY,0.0
10.2578,10.6261,21.421,0.0,0.0,0.0,STATIONARY,0.0
10.2578,10.6261,21.438,0.0,0.0,0.0,STATIONARY,0.0
10.2578,10.6261,21.458,0.0,0.0,0.0,STATIONARY,0.0
10.2578,10.6261,21.473,0.0,0.0,0.0,STATIONARY,0.0
10.2578,10.6261,21.49,0.0,0.0,0.0,STATIONARY,0.0
10.2578,10.6261,21.51,0.0,0.0,0.0,STATIONARY,0.0
10.2578,10.6261,21.528,0.0,0.0,0.0,STATIONARY,0.0
10.2578,10.6261,21.544,0.0,0.0,0.0,STATIONARY,0.0
10.2578,10.6261,21.562,0.0,0.0,0.0,STATIONARY,0.0
10.2578,10.6261,21.577,0.0,0.0,0.0,STATIONARY,0.0
10.2578,10.6261,21.593,0.0,0.0,0.0,STATIONARY,0.0
10.2578,10.6261,21.609,0.0,0.0,0.0,STATIONARY,0.0
10.2578,10.6261,21.628,0.0,0.0,0.0,STATIONARY,0.0
10.2578,10.6261,21.645,0.0,0.0,0.0,STATIONARY,0.0
10.2578,10.6261,21.667,0.0,0.0,0.0,STATIONARY,0.0
10.2578,10.6261,21.686,0.0,0.0,0.0,STATIONARY,0.0
10.2578,10.6261,21.709,0.0,0.0,0.0,STATIONARY,0.0
10.2578,10.6261,21.728,0.0,0.0,0.0,STATIONARY,0.0
10.2578,10.6261,21.751,0.0,0.0,0.0,STATIONARY,0.0
10.2578,10.6261,21.772,0.0,0.0,0.0,STATIONARY,0.0
10.2578,10.6261,21.797,0.0,0.0,0.0,STATIONARY,0.0
10.2578,10.6261,21.817,0.0,0.0,0.0,STATIONARY,0.0
10.2578,10.6261,21.835,0.0,0.0,0.0,STATIONARY,0.0
10.2578,10.6261,21.856,0.0,0.0,0.0,STATIONARY,0.0
10.2578,10.6261,21.873,0.0,0.0,0.0,STATIONARY,0.0
10.2578,10.6261,21.89,0.0,0.0,0.0,STATIONARY,0.0
10.2578,10.6261,21.909,0.0,0.0,0.0,STATIONARY,0.0
10.2578,10.6261,21.931,0.0,0.0,0.0,STATIONARY,0.0
10.2578,10.6261,21.95,0.0,0.0,0.0,STATIONARY,0.0
10.2578,10.6261,21.972,0.0,0.0,0.0,STATIONARY,0.0
10.2578,10.6261,21.99,0.0,0.0,0.0,STATIONARY,0.0
10.2578,10.6261,22.01,0.0,0.0,0.0,STATIONARY,0.0
10.2578,10.6261,22.028,0.0,0.0,0.0,STATIONARY,0.0
10.2578,10.6261,22.049,0.0,0.0,0.0,STATIONARY,0.0
10.2578,10.6261,22.064,0.0,0.0,0.0,STATIONARY,0.0
10.2578,10.6261,22.081,0.0,0.0,0.0,STATIONARY,0.0
10.2578,10.6261,22.097,0.0,0.0,0.0,STATIONARY,0.0
10.2578,10.6261,22.116,0.0,0.0,0.0,STATIONARY,0.0
10.2578,10.6261,22.13,0.0,0.0,0.0,STATIONARY,0.0
10.2578,10.6261,22.146,0.0,0.0,0.0,STATIONARY,0.0
10.2578,10.6261,22.164,0.0,0.0,0.0,STATIONARY,0.0
10.2578,10.6261,22.19,0.0,0.0,0.0,STATIONARY,0.0
10.2578,10.6261,22.208,0.0,0.0,0.0,STATIONARY,0.0
10.2578,10.6261,22.224,0.0,0.0,0.0,STATIONARY,0.0
10.2578,10.6261,22.245,0.0,0.0,0.0,STATIONARY,0.0
10.2578,10.6261,22.262,0.0,0.0,0.0,STATIONARY,0.0
10.2578,10.6261,22.282,0.0,0.0,0.0,STATIONARY,0.0
10.2578,10.6261,22.298,0.0,0.0,0.0,STATIONARY,0.0
10.2578,10.6261,22.315,0.0,0.0,0.0,STATIONARY,0.0
10.2578,10.6261,22.334,0.0,0.0,0.0,STATIONARY,0.0
10.2578,10.6261,22.351,0.0,0.0,0.0,STATIONARY,0.0
10.2578,10.6261,22.371,0.0,0.0,0.0,STATIONARY,0.0
10.2578,10.6261,22.388,0.0,0.0,0.0,STATIONARY,0.0
10.2578,10.6261,22.406,0.0,0.0,0.0,STATIONARY,0.0
10.2578,10.6261,22.422,0.0,0.0,0.0,STATIONARY,0.0
10.2578,10.6261,22.438,0.0,0.0,0.0,STATIONARY,0.0
10.2578,10.6261,22.455,0.0,0.0,0.0,STATIONARY,0.0
10.2578,10.6261,22.471,0.0,0.0,0.0,STATIONARY,0.0
10.2578,10.6261,22.488,0.0,0.0,0.0,STATIONARY,0.0
10.2578,10.6261,22.507,0.0,0.0,0.0,STATIONARY,0.0
10.2578,10.6261,22.523,0.0,0.0,0.0,STATIONARY,0.0
10.2578,10.6261,22.54,0.0,0.0,0.0,STATIONARY,0.0
10.2578,10.6261,22.557,0.0,0.0,0.0,STATIONARY,0.0
10.2578,10.6261,22.574,0.0,0.0,0.0,STATIONARY,0.0
10.2578,10.6261,22.591,0.0,0.0,0.0,STATIONARY,0.0
10.2578,10.6261,22.616,0.0,0.0,0.0,STATIONARY,0.0
10.2578,10.6261,22.633,0.0,0.0,0.0,STATIONARY,0.0
10.2578,10.6261,22.65,0.0,0.0,0.0,STATIONARY,0.0
10.2578,10.6261,22.667,0.0,0.0,0.0,STATIONARY,0.0
10.2578,10.6261,22.684,0.0,0.0,0.0,STATIONARY,0.0
10.2578,10.6261,22.7,0.0,0.0,0.0,STATIONARY,0.0
10.2578,10.6261,22.722,0.0,0.0,0.0,STATIONARY,0.0
10.2578,10.6261,22.738,0.0,0.0,0.0,STATIONARY,0.0
10.2578,10.6261,22.753,0.0,0.0,0.0,STATIONARY,0.0
10.2578,10.6261,22.771,0.0,0.0,0.0,STATIONARY,0.0
10.2578,10.6261,22.788,0.0,0.0,0.0,STATIONARY,0.0
10.2578,10.6261,22.804,0.0,0.0,0.0,STATIONARY,0.0
10.2578,10.6261,22.82,0.0,0.0,0.0,STATIONARY,0.0
10.2578,10.6261,22.837,0.0,0.0,0.0,STATIONARY,0.0
10.2578,10.6261,22.863,0.0,0.0,0.0,STATIONARY,0.0
10.2578,10.6261,22.878,0.0,0.0,0.0,STATIONARY,0.0
10.2578,10.6261,22.895,0.0,0.0,0.0,STATIONARY,0.0
10.2578,10.6261,22.912,0.0,0.0,0.0,STATIONARY,0.0
10.2578,10.6261,22.932,0.0,0.0,0.0,STATIONARY,0.0
10.2578,10.6261,22.948,0.0,0.0,0.0,STATIONARY,0.0
10.2578,10.6261,22.966,0.0,0.0,0.0,STATIONARY,0.0
10.2578,10.6261,22.981,0.0,0.0,0.0,STATIONARY,0.0
10.2578,10.6261,22.998,0.0,0.0,0.0,STATIONARY,0.0
10.2578,10.6261,23.016,0.0,0.0,0.0,STATIONARY,0.0
10.2578,10.6261,23.034,0.0,0.0,0.0,STATIONARY,0.0
10.2578,10.6261,23.055,0.0,0.0,0.0,STATIONARY,0.0
10.2578,10.6261,23.072,0.0,0.0,0.0,STATIONARY,0.0
10.2578,10.6261,23.091,0.0,0.0,0.0,STATIONARY,0.0
10.2578,10.6261,23.108,0.0,0.0,0.0,STATIONARY,0.0
10.2578,10.6261,23.127,0.0,0.0,0.0,STATIONARY,0.0
10.2578,10.6261,23.143,0.0,0.0,0.0,STATIONARY,0.0
10.2578,10.6261,23.159,0.0,0.0,0.0,STATIONARY,0.0
10.2578,10.6261,23.176,0.0,0.0,0.0,STATIONARY,0.0
10.2578,10.6261,23.198,0.0,0.0,0.0,STATIONARY,0.0
10.2578,10.6261,23.215,0.0,0.0,0.0,STATIONARY,0.0
10.2578,10.6261,23.232,0.0,0.0,0.0,STATIONARY,0.0
10.2578,10.6261,23.254,0.0,0.0,0.0,STATIONARY,0.0
10.2578,10.6261,23.271,0.0,0.0,0.0,STATIONARY,0.0
10.2578,10.6261,23.289,0.0,0.0,0.0,STATIONARY,0.0
10.2578,10.6261,23.305,0.0,0.0,0.0,STATIONARY,0.0
10.2578,10.6261,23.322,0.0,0.0,0.0,STATIONARY,0.0
10.2578,10.6261,23.342,0.0,0.0,0.0,STATIONARY,0.0
10.2578,10.6261,23.359,0.0,0.0,0.0,STATIONARY,0.0
10.2578,10.6261,23.376,0.0,0.0,0.0,STATIONARY,0.0
10.2578,10.6261,23.392,0.0,0.0,0.0,STATIONARY,0.0
10.2578,10.6261,23.412,0.0,0.0,0.0,STATIONARY,0.0
10.2578,10.6261,23.428,0.0,0.0,0.0,STATIONARY,0.0
10.2578,10.6261,23.445,0.0,0.0,0.0,STATIONARY,0.0
10.2578,10.6261,23.463,0.0,0.0,0.0,STATIONARY,0.0
10.2578,10.6261,23.479,0.0,0.0,0.0,STATIONARY,0.0
10.2578,10.6261,23.498,0.0,0.0,0.0,STATIONARY,0.0
10.2578,10.6261,23.514,0.0,0.0,0.0,STATIONARY,0.0
10.2578,10.6261,23.533,0.0,0.0,0.0,STATIONARY,0.0
10.2578,10.6261,23.55,0.0,0.0,0.0,STATIONARY,0.0
10.2578,10.6261,23.57,0.0,0.0,0.0,STATIONARY,0.0
10.2578,10.6261,23.587,0.0,0.0,0.0,STATIONARY,0.0
10.2578,10.6261,23.607,0.0,0.0,0.0,STATIONARY,0.0
10.2578,10.6261,23.624,0.0,0.0,0.0,STATIONARY,0.0
10.2578,10.6261,23.643,0.0,0.0,0.0,STATIONARY,0.0
10.2578,10.6261,23.66,0.0,0.0,0.0,STATIONARY,0.0
10.2578,10.6261,23.677,0.0,0.0,0.0,STATIONARY,0.0
10.2578,10.6261,23.695,0.0,0.0,0.0,STATIONARY,0.0
10.2578,10.6261,23.714,0.0,0.0,0.0,STATIONARY,0.0
10.2578,10.6261,23.732,0.0,0.0,0.0,STATIONARY,0.0
10.2578,10.6261,23.751,0.0,0.0,0.0,STATIONARY,0.0
10.2578,10.6261,23.769,0.0,0.0,0.0,STATIONARY,0.0
10.2578,10.6261,23.794,0.0,0.0,0.0,STATIONARY,0.0
10.2578,10.6261,23.813,0.0,0.0,0.0,STATIONARY,0.0
10.2578,10.6261,23.831,0.0,0.0,0.0,STATIONARY,0.0
10.2578,10.6261,23.855,0.0,0.0,0.0,STATIONARY,0.0
10.2578,10.6261,23.872,0.0,0.0,0.0,STATIONARY,0.0
10.2578,10.6261,23.889,0.0,0.0,0.0,STATIONARY,0.0
10.2578,10.6261,23.905,0.0,0.0,0.0,STATIONARY,0.0
10.2578,10.6261,23.929,0.0,0.0,0.0,STATIONARY,0.0
10.2578,10.6261,23.947,0.0,0.0,0.0,STATIONARY,0.0
10.2578,10.6261,23.966,0.0,0.0,0.0,STATIONARY,0.0
10.2578,10.6261,23.99,0.0,0.0,0.0,STATIONARY,0.0
10.2578,10.6261,24.006,0.0,0.0,0.0,STATIONARY,0.0
10.2578,10.6261,24.024,0.0,0.0,0.0,STATIONARY,0.0
10.2578,10.6261,24.045,0.0,0.0,0.0,STATIONARY,0.0
10.2578,10.6261,24.06,0.0,0.0,0.0,STATIONARY,0.0
10.2578,10.6261,24.082,0.0,0.0,0.0,STATIONARY,0.0
10.2578,10.6261,24.1,0.0,0.0,0.0,STATIONARY,0.0
10.2578,10.6261,24.117,0.0,0.0,0.0,STATIONARY,0.0
10.2578,10.6261,24.144,0.0,0.0,0.0,STATIONARY,0.0
10.2578,10.6261,24.163,0.0,0.0,0.0,STATIONARY,0.0
10.2578,10.6261,24.177,0.0,0.0,0.0,STATIONARY,0.0
10.2578,10.6261,24.195,0.0,0.0,0.0,STATIONARY,0.0
10.2578,10.6261,24.213,0.0,0.0,0.0,STATIONARY,0.0
10.2578,10.6261,24.231,0.0,0.0,0.0,STATIONARY,0.0
10.2578,10.6261,24.248,0.0,0.0,0.0,STATIONARY,0.0
10.2578,10.6261,24.265,0.0,0.0,0.0,STATIONARY,0.0
10.2578,10.6261,24.286,0.0,0.0,0.0,STATIONARY,0.0
10.2578,10.6261,24.302,0.0,0.0,0.0,STATIONARY,0.0
10.2578,10.6261,24.321,0.0,0.0,0.0,STATIONARY,0.0
10.2578,10.6261,24.335,0.0,0.0,0.0,STATIONARY,0.0
10.2578,10.6261,24.354,0.0,0.0,0.0,STATIONARY,0.0
10.2578,10.6261,24.374,0.0,0.0,0.0,STATIONARY,0.0
10.2578,10.6261,24.391,0.0,0.0,0.0,STATIONARY,0.0
10.2578,10.6261,24.408,0.0,0.0,0.0,STATIONARY,0.0
10.2578,10.6261,24.425,0.0,0.0,0.0,STATIONARY,0.0
10.2578,10.6261,24.442,0.0,0.0,0.0,STATIONARY,0.0
10.2578,10.6261,24.459,0.0,0.0,0.0,STATIONARY,0.0
10.2578,10.6261,24.478,0.0,0.0,0.0,STATIONARY,0.0
10.2578,10.6261,24.495,0.0,0.0,0.0,STATIONARY,0.0
10.2578,10.6261,24.512,0.0,0.0,0.0,STATIONARY,0.0
10.2578,10.6261,24.536,0.0,0.0,0.0,STATIONARY,0.0
10.2578,10.6261,24.551,0.0,0.0,0.0,STATIONARY,0.0
10.2578,10.6261,24.568,0.0,0.0,0.0,STATIONARY,0.0
10.2578,10.6261,24.602,0.0,0.0,0.0,STATIONARY,0.0
10.2578,10.6261,24.619,0.0,0.0,0.0,STATIONARY,0.0
10.2578,10.6261,24.635,0.0,0.0,0.0,STATIONARY,0.0
10.2578,10.6261,24.653,0.0,0.0,0.0,STATIONARY,0.0
10.2578,10.6261,24.669,0.0,0.0,0.0,STATIONARY,0.0
10.2578,10.6261,24.688,0.0,0.0,0.0,STATIONARY,0.0
10.2578,10.6261,24.707,0.0,0.0,0.0,STATIONARY,0.0
10.2578,10.6261,24.724,0.0,0.0,0.0,STATIONARY,0.0
10.2578,10.6261,24.741,0.0,0.0,0.0,STATIONARY,0.0
10.2578,10.6261,24.757,0.0,0.0,0.0,STATIONARY,0.0
10.2578,10.6261,24.787,0.0,0.0,0.0,STATIONARY,0.0
10.2578,10.6261,24.804,0.0,0.0,0.0,STATIONARY,0.0
10.2578,10.6261,24.821,0.0,0.0,0.0,STATIONARY,0.0
10.2578,10.6261,24.839,0.0,0.0,0.0,STATIONARY,0.0
10.2578,10.6261,24.856,0.0,0.0,0.0,STATIONARY,0.0
10.2578,10.6261,24.874,0.0,0.0,0.0,STATIONARY,0.0
10.2578,10.6261,24.889,0.0,0.0,0.0,STATIONARY,0.0
10.2578,10.6261,24.906,0.0,0.0,0.0,STATIONARY,0.0
10.2578,10.6261,24.924,0.0,0.0,0.0,STATIONARY,0.0
10.2578,10.6261,24.94,0.0,0.0,0.0,STATIONARY,0.0
10.2578,10.6261,24.965,0.0,0.0,0.0,STATIONARY,0.0
10.2578,10.6261,24.986,0.0,0.0,0.0,STATIONARY,0.0
10.2578,10.6261,25.002,0.0,0.0,0.0,STATIONARY,0.0
10.2578,10.6261,25.021,0.0,0.0,0.0,STATIONARY,0.0
10.2578,10.6261,25.043,0.0,0.0,0.0,STATIONARY,0.0
10.2578,10.6261,25.061,0.0,0.0,0.0,STATIONARY,0.0
10.2578,10.6261,25.082,0.0,0.0,0.0,STATIONARY,0.0
10.2578,10.6261,25.099,0.0,0.0,0.0,STATIONARY,0.0
10.2578,10.6261,25.115,0.0,0.0,0.0,STATIONARY,0.0
10.2578,10.6261,25.143,0.0,0.0,0.0,STATIONARY,0.0
10.2578,10.6261,25.162,0.0,0.0,0.0,STATIONARY,0.0
10.2578,10.6261,25.191,0.0,0.0,0.0,STATIONARY,0.0
10.2578,10.6261,25.208,0.0,0.0,0.0,STATIONARY,0.0
10.2578,10.6261,25.224,0.0,0.0,0.0,STATIONARY,0.0
10.2578,10.6261,25.241,0.0,0.0,0.0,STATIONARY,0.0
10.2578,10.6261,25.257,0.0,0.0,0.0,STATIONARY,0.0
10.2578,10.6261,25.276,0.0,0.0,0.0,STATIONARY,0.0
10.2578,10.6261,25.292,0.0,0.0,0.0,STATIONARY,0.0
10.2578,10.6261,25.309,0.0,0.0,0.0,STATIONARY,0.0
10.2578,10.6261,25.327,0.0,0.0,0.0,STATIONARY,0.0
10.2578,10.6261,25.342,0.0,0.0,0.0,STATIONARY,0.0
10.2578,10.6261,25.359,0.0,0.0,0.0,STATIONARY,0.0
10.2578,10.6261,25.375,0.0,0.0,0.0,STATIONARY,0.0
10.2578,10.6261,25.397,0.0,0.0,0.0,STATIONARY,0.0
10.2578,10.6261,25.415,0.0,0.0,0.0,STATIONARY,0.0
10.2578,10.6261,25.433,0.0,0.0,0.0,STATIONARY,0.0
10.2578,10.6261,25.448,0.0,0.0,0.0,STATIONARY,0.0
10.2578,10.6261,25.464,0.0,0.0,0.0,STATIONARY,0.0
10.2578,10.6261,25.482,0.0,0.0,0.0,STATIONARY,0.0
10.2578,10.6261,25.497,0.0,0.0,0.0,STATIONARY,0.0
10.2578,10.6261,25.515,0.0,0.0,0.0,STATIONARY,0.0
10.2578,10.6261,25.544,0.0,0.0,0.0,STATIONARY,0.0
10.2578,10.6261,25.562,0.0,0.0,0.0,STATIONARY,0.0
10.2578,10.6261,25.585,0.0,0.0,0.0,STATIONARY,0.0
10.2578,10.6261,25.604,0.0,0.0,0.0,STATIONARY,0.0
10.2578,10.6261,25.62,0.0,0.0,0.0,STATIONARY,0.0
10.2578,10.6261,25.643,0.0,0.0,0.0,STATIONARY,0.0
10.2578,10.6261,25.659,0.0,0.0,0.0,STATIONARY,0.0
10.2578,10.6261,25.674,0.0,0.0,0.0,STATIONARY,0.0
10.2578,10.6261,25.698,0.0,0.0,0.0,STATIONARY,0.0
10.2578,10.6261,25.723,0.0,0.0,0.0,STATIONARY,0.0
10.2578,10.6261,25.738,0.0,0.0,0.0,STATIONARY,0.0
10.2578,10.6261,25.755,0.0,0.0,0.0,STATIONARY,0.0
10.2578,10.6261,25.775,0.0,0.0,0.0,STATIONARY,0.0
10.2578,10.6261,25.799,0.0,0.0,0.0,STATIONARY,0.0
10.2578,10.6261,25.817,0.0,0.0,0.0,STATIONARY,0.0
10.2578,10.6261,25.833,0.0,0.0,0.0,STATIONARY,0.0
10.2578,10.6261,25.856,0.0,0.0,0.0,STATIONARY,0.0
10.2578,10.6261,25.874,0.0,0.0,0.0,STATIONARY,0.0
10.2578,10.6261,25.889,0.0,0.0,0.0,STATIONARY,0.0
10.2578,10.6261,25.906,0.0,0.0,0.0,STATIONARY,0.0
10.2578,10.6261,25.923,0.0,0.0,0.0,STATIONARY,0.0
10.2578,10.6261,25.947,0.0,0.0,0.0,STATIONARY,0.0
10.2578,10.6261,25.963,0.0,0.0,0.0,STATIONARY,0.0
10.2578,10.6261,25.981,0.0,0.0,0.0,STATIONARY,0.0
10.2578,10.6261,25.999,0.0,0.0,0.0,STATIONARY,0.0
10.2578,10.6261,26.017,0.0,0.0,0.0,STATIONARY,0.0
10.2578,10.6261,26.043,0.0,0.0,0.0,STATIONARY,0.0
10.2578,10.6261,26.06,0.0,0.0,0.0,STATIONARY,0.0
10.2578,10.6261,26.086,0.0,0.0,0.0,STATIONARY,0.0
10.2578,10.6261,26.102,0.0,0.0,0.0,STATIONARY,0.0
10.2578,10.6261,26.12,0.0,0.0,0.0,STATIONARY,0.0
10.2578,10.6261,26.139,0.0,0.0,0.0,STATIONARY,0.0
10.2578,10.6261,26.156,0.0,0.0,0.0,STATIONARY,0.0
10.2578,10.6261,26.175,0.0,0.0,0.0,STATIONARY,0.0
10.2578,10.6261,26.193,0.0,0.0,0.0,STATIONARY,0.0
10.2578,10.6261,26.21,0.0,0.0,0.0,STATIONARY,0.0
10.2578,10.6261,26.239,0.0,0.0,0.0,STATIONARY,0.0
10.2578,10.6261,26.255,0.0,0.0,0.0,STATIONARY,0.0
10.2578,10.6261,26.271,0.0,0.0,0.0,STATIONARY,0.0
10.2578,10.6261,26.287,0.0,0.0,0.0,STATIONARY,0.0
10.2578,10.6261,26.319,0.0,0.0,0.0,STATIONARY,0.0
10.2578,10.6261,26.336,0.0,0.0,0.0,STATIONARY,0.0
10.2578,10.6261,26.355,0.0,0.0,0.0,STATIONARY,0.0
10.2578,10.6261,26.372,0.0,0.0,0.0,STATIONARY,0.0
10.2578,10.6261,26.39,0.0,0.0,0.0,STATIONARY,0.0
10.2578,10.6261,26.407,0.0,0.0,0.0,STATIONARY,0.0
10.2578,10.6261,26.425,0.0,0.0,0.0,STATIONARY,0.0
10.2578,10.6261,26.441,0.0,0.0,0.0,STATIONARY,0.0
10.2578,10.6261,26.458,0.0,0.0,0.0,STATIONARY,0.0
10.2578,10.6261,26.475,0.0,0.0,0.0,STATIONARY,0.0
10.2578,10.6261,26.491,0.0,0.0,0.0,STATIONARY,0.0
10.2578,10.6261,26.508,0.0,0.0,0.0,STATIONARY,0.0
10.2578,10.6261,26.528,0.0,0.0,0.0,STATIONARY,0.0
10.2578,10.6261,26.545,0.0,0.0,0.0,STATIONARY,0.0
10.2578,10.6261,26.561,0.0,0.0,0.0,STATIONARY,0.0
10.2578,10.6261,26.583,0.0,0.0,0.0,STATIONARY,0.0
10.2578,10.6261,26.6,0.0,0.0,0.0,STATIONARY,0.0
10.2578,10.6261,26.617,0.0,0.0,0.0,STATIONARY,0.0
10.2578,10.6261,26.634,0.0,0.0,0.0,STATIONARY,0.0
10.2578,10.6261,26.65,0.0,0.0,0.0,STATIONARY,0.0
10.2578,10.6261,26.666,0.0,0.0,0.0,STATIONARY,0.0
10.2578,10.6261,26.684,0.0,0.0,0.0,STATIONARY,0.0
10.2578,10.6261,26.705,0.0,0.0,0.0,STATIONARY,0.0
10.2578,10.6261,26.722,0.0,0.0,0.0,STATIONARY,0.0
10.2578,10.6261,26.737,0.0,0.0,0.0,STATIONARY,0.0
10.2578,10.6261,26.755,0.0,0.0,0.0,STATIONARY,0.0
10.2578,10.6261,26.78,0.0,0.0,0.0,STATIONARY,0.0
10.2578,10.6261,26.797,0.0,0.0,0.0,STATIONARY,0.0
10.2578,10.6261,26.814,0.0,0.0,0.0,STATIONARY,0.0
10.2578,10.6261,26.831,0.0,0.0,0.0,STATIONARY,0.0
10.2578,10.6261,26.847,0.0,0.0,0.0,STATIONARY,0.0
10.2578,10.6261,26.864,0.0,0.0,0.0,STATIONARY,0.0
10.2578,10.6261,26.881,0.0,0.0,0.0,STATIONARY,0.0
10.2578,10.6261,26.898,0.0,0.0,0.0,STATIONARY,0.0
10.2578,10.6261,26.92,0.0,0.0,0.0,STATIONARY,0.0
10.2578,10.6261,26.937,0.0,0.0,0.0,STATIONARY,0.0
10.2578,10.6261,26.953,0.0,0.0,0.0,STATIONARY,0.0
10.2578,10.6261,26.975,0.0,0.0,0.0,STATIONARY,0.0
10.2578,10.6261,26.996,0.0,0.0,0.0,STATIONARY,0.0
10.2578,10.6261,27.012,0.0,0.0,0.0,STATIONARY,0.0
10.2578,10.6261,27.029,0.0,0.0,0.0,STATIONARY,0.0
10.2578,10.6261,27.049,0.0,0.0,0.0,STATIONARY,0.0
10.2578,10.6261,27.065,0.0,0.0,0.0,STATIONARY,0.0
10.2578,10.6261,27.084,0.0,0.0,0.0,STATIONARY,0.0
10.2578,10.6261,27.109,0.0,0.0,0.0,STATIONARY,0.0
10.2578,10.6261,27.126,0.0,0.0,0.0,STATIONARY,0.0
10.2578,10.6261,27.146,0.0,0.0,0.0,STATIONARY,0.0
10.2578,10.6261,27.162,0.0,0.0,0.0,STATIONARY,0.0
10.2578,10.6261,27.18,0.0,0.0,0.0,STATIONARY,0.0
10.2578,10.6261,27.196,0.0,0.0,0.0,STATIONARY,0.0
10.2578,10.6261,27.213,0.0,0.0,0.0,STATIONARY,0.0
10.2578,10.6261,27.231,0.0,0.0,0.0,STATIONARY,0.0
10.2578,10.6261,27.249,0.0,0.0,0.0,STATIONARY,0.0
10.2578,10.6261,27.264,0.0,0.0,0.0,STATIONARY,0.0
10.2578,10.6261,27.291,0.0,0.0,0.0,STATIONARY,0.0
10.2578,10.6261,27.307,0.0,0.0,0.0,STATIONARY,0.0
10.2578,10.6261,27.326,0.0,0.0,0.0,STATIONARY,0.0
10.2578,10.6261,27.343,0.0,0.0,0.0,STATIONARY,0.0
10.2578,10.6261,27.362,0.0,0.0,0.0,STATIONARY,0.0
10.2578,10.6261,27.389,0.0,0.0,0.0,STATIONARY,0.0
10.2578,10.6261,27.408,0.0,0.0,0.0,STATIONARY,0.0
10.2578,10.6261,27.423,0.0,0.0,0.0,STATIONARY,0.0
10.2578,10.6261,27.44,0.0,0.0,0.0,STATIONARY,0.0
10.2578,10.6261,27.457,0.0,0.0,0.0,STATIONARY,0.0
10.2578,10.6261,27.473,0.0,0.0,0.0,STATIONARY,0.0
10.2578,10.6261,27.491,0.0,0.0,0.0,STATIONARY,0.0
10.2578,10.6261,27.508,0.0,0.0,0.0,STATIONARY,0.0
10.2578,10.6261,27.526,0.0,0.0,0.0,STATIONARY,0.0
10.2578,10.6261,27.54,0.0,0.0,0.0,STATIONARY,0.0
10.2578,10.6261,27.557,0.0,0.0,0.0,STATIONARY,0.0
10.2578,10.6261,27.573,0.0,0.0,0.0,STATIONARY,0.0
10.2578,10.6261,27.589,0.0,0.0,0.0,STATIONARY,0.0
10.2578,10.6261,27.606,0.0,0.0,0.0,STATIONARY,0.0
10.2578,10.6261,27.629,0.0,0.0,0.0,STATIONARY,0.0
10.2578,10.6261,27.646,0.0,0.0,0.0,STATIONARY,0.0
10.2578,10.6261,27.668,0.0,0.0,0.0,STATIONARY,0.0
10.2578,10.6261,27.685,0.0,0.0,0.0,STATIONARY,0.0
10.2578,10.6261,27.714,0.0,0.0,0.0,STATIONARY,0.0
10.2578,10.6261,27.731,0.0,0.0,0.0,STATIONARY,0.0
10.2578,10.6261,27.751,0.0,0.0,0.0,STATIONARY,0.0
10.2578,10.6261,27.768,0.0,0.0,0.0,STATIONARY,0.0
10.2578,10.6261,27.784,0.0,0.0,0.0,STATIONARY,0.0
10.2578,10.6261,27.8,0.0,0.0,0.0,STATIONARY,0.0
10.2578,10.6261,27.818,0.0,0.0,0.0,STATIONARY,0.0
10.2578,10.6261,27.836,0.0,0.0,0.0,STATIONARY,0.0
10.2578,10.6261,27.856,0.0,0.0,0.0,STATIONARY,0.0
10.2578,10.6261,27.874,0.0,0.0,0.0,STATIONARY,0.0
10.2578,10.6261,27.889,0.0,0.0,0.0,STATIONARY,0.0
10.2578,10.6261,27.906,0.0,0.0,0.0,STATIONARY,0.0
10.2578,10.6261,27.926,0.0,0.0,0.0,STATIONARY,0.0
10.2578,10.6261,27.942,0.0,0.0,0.0,STATIONARY,0.0
10.2578,10.6261,27.959,0.0,0.0,0.0,STATIONARY,0.0
10.2578,10.6261,27.975,0.0,0.0,0.0,STATIONARY,0.0
10.2578,10.6261,27.992,0.0,0.0,0.0,STATIONARY,0.0
10.2578,10.6261,28.009,0.0,0.0,0.0,STATIONARY,0.0
10.2578,10.6261,28.026,0.0,0.0,0.0,STATIONARY,0.0
10.2578,10.6261,28.043,0.0,0.0,0.0,STATIONARY,0.0
10.2578,10.6261,28.058,0.0,0.0,0.0,STATIONARY,0.0
10.2578,10.6261,28.075,0.0,0.0,0.0,STATIONARY,0.0
10.2578,10.6261,28.098,0.0,0.0,0.0,STATIONARY,0.0
10.2578,10.6261,28.114,0.0,0.0,0.0,STATIONARY,0.0
10.2578,10.6261,28.131,0.0,0.0,0.0,STATIONARY,0.0
10.2578,10.6261,28.148,0.0,0.0,0.0,STATIONARY,0.0
10.2578,10.6261,28.169,0.0,0.0,0.0,STATIONARY,0.0
10.2578,10.6261,28.186,0.0,0.0,0.0,STATIONARY,0.0
10.2578,10.6261,28.202,0.0,0.0,0.0,STATIONARY,0.0
10.2578,10.6261,28.223,0.0,0.0,0.0,STATIONARY,0.0
10.2578,10.6261,28.241,0.0,0.0,0.0,STATIONARY,0.0
10.2578,10.6261,28.259,0.0,0.0,0.0,STATIONARY,0.0
10.2578,10.6261,28.279,0.0,0.0,0.0,STATIONARY,0.0
10.2578,10.6261,28.295,0.0,0.0,0.0,STATIONARY,0.0
10.2578,10.6261,28.31,0.0,0.0,0.0,STATIONARY,0.0
10.2578,10.6261,28.327,0.0,0.0,0.0,STATIONARY,0.0
10.2578,10.6261,28.346,0.0,0.0,0.0,STATIONARY,0.0
10.2578,10.6261,28.362,0.0,0.0,0.0,STATIONARY,0.0
10.2578,10.6261,28.38,0.0,0.0,0.0,STATIONARY,0.0
10.2578,10.6261,28.396,0.0,0.0,0.0,STATIONARY,0.0
10.2578,10.6261,28.412,0.0,0.0,0.0,STATIONARY,0.0
10.2578,10.6261,28.428,0.0,0.0,0.0,STATIONARY,0.0
10.2578,10.6261,28.444,0.0,0.0,0.0,STATIONARY,0.0
10.2578,10.6261,28.464,0.0,0.0,0.0,STATIONARY,0.0
10.2578,10.6261,28.48,0.0,0.0,0.0,STATIONARY,0.0
10.2578,10.6261,28.496,0.0,0.0,0.0,STATIONARY,0.0
10.2578,10.6261,28.516,0.0,0.0,0.0,STATIONARY,0.0
10.2578,10.6261,28.532,0.0,0.0,0.0,STATIONARY,0.0
10.2578,10.6261,28.549,0.0,0.0,0.0,STATIONARY,0.0
10.2578,10.6261,28.566,0.0,0.0,0.0,STATIONARY,0.0
10.2578,10.6261,28.584,0.0,0.0,0.0,STATIONARY,0.0
10.2578,10.6261,28.599,0.0,0.0,0.0,STATIONARY,0.0
10.2578,10.6261,28.616,0.0,0.0,0.0,STATIONARY,0.0
10.2578,10.6261,28.634,0.0,0.0,0.0,STATIONARY,0.0
10.2578,10.6261,28.65,0.0,0.0,0.0,STATIONARY,0.0
10.2578,10.6261,28.667,0.0,0.0,0.0,STATIONARY,0.0
10.2578,10.6261,28.683,0.0,0.0,0.0,STATIONARY,0.0
10.2578,10.6261,28.699,0.0,0.0,0.0,STATIONARY,0.0
10.2578,10.6261,28.717,0.0,0.0,0.0,STATIONARY,0.0
10.2578,10.6261,28.735,0.0,0.0,0.0,STATIONARY,0.0
10.2578,10.6261,28.75,0.0,0.0,0.0,STATIONARY,0.0
10.2578,10.6261,28.767,0.0,0.0,0.0,STATIONARY,0.0
10.2578,10.6261,28.79,0.0,0.0,0.0,STATIONARY,0.0
10.2578,10.6261,28.812,0.0,0.0,0.0,STATIONARY,0.0
10.2578,10.6261,28.834,0.0,0.0,0.0,STATIONARY,0.0
10.2578,10.6261,28.85,0.0,0.0,0.0,STATIONARY,0.0
10.2578,10.6261,28.868,0.0,0.0,0.0,STATIONARY,0.0
10.2578,10.6261,28.883,0.0,0.0,0.0,STATIONARY,0.0
10.2578,10.6261,28.9,0.0,0.0,0.0,STATIONARY,0.0
10.2578,10.6261,28.916,0.0,0.0,0.0,STATIONARY,0.0
10.2578,10.6261,28.935,0.0,0.0,0.0,STATIONARY,0.0
10.2578,10.6261,28.949,0.0,0.0,0.0,STATIONARY,0.0
10.2578,10.6261,28.968,0.0,0.0,0.0,STATIONARY,0.0
10.2578,10.6261,28.986,0.0,0.0,0.0,STATIONARY,0.0
10.2578,10.6261,29.001,0.0,0.0,0.0,STATIONARY,0.0
10.2578,10.6261,29.024,0.0,0.0,0.0,STATIONARY,0.0
10.2578,10.6261,29.042,0.0,0.0,0.0,STATIONARY,0.0
10.2578,10.6261,29.06,0.0,0.0,0.0,STATIONARY,0.0
10.2578,10.6261,29.075,0.0,0.0,0.0,STATIONARY,0.0
10.2578,10.6261,29.094,0.0,0.0,0.0,STATIONARY,0.0
10.2578,10.6261,29.11,0.0,0.0,0.0,STATIONARY,0.0
10.2578,10.6261,29.127,0.0,0.0,0.0,STATIONARY,0.0
10.2578,10.6261,29.144,0.0,0.0,0.0,STATIONARY,0.0
10.2578,10.6261,29.161,0.0,0.0,0.0,STATIONARY,0.0
10.2578,10.6261,29.178,0.0,0.0,0.0,STATIONARY,0.0
10.2578,10.6261,29.199,0.0,0.0,0.0,STATIONARY,0.0
10.2578,10.6261,29.216,0.0,0.0,0.0,STATIONARY,0.0
10.2578,10.6261,29.235,0.0,0.0,0.0,STATIONARY,0.0
10.2578,10.6261,29.252,0.0,0.0,0.0,STATIONARY,0.0
10.2578,10.6261,29.272,0.0,0.0,0.0,STATIONARY,0.0
10.2578,10.6261,29.287,0.0,0.0,0.0,STATIONARY,0.0
10.2578,10.6261,29.309,0.0,0.0,0.0,STATIONARY,0.0
10.2578,10.6261,29.327,0.0,0.0,0.0,STATIONARY,0.0
10.2578,10.6261,29.344,0.0,0.0,0.0,STATIONARY,0.0
10.2578,10.6261,29.36,0.0,0.0,0.0,STATIONARY,0.0
10.2578,10.6261,29.377,0.0,0.0,0.0,STATIONARY,0.0
10.2578,10.6261,29.4,0.0,0.0,0.0,STATIONARY,0.0
10.2578,10.6261,29.417,0.0,0.0,0.0,STATIONARY,0.0
10.2578,10.6261,29.433,0.0,0.0,0.0,STATIONARY,0.0
10.2578,10.6261,29.449,0.0,0.0,0.0,STATIONARY,0.0
10.2578,10.6261,29.466,0.0,0.0,0.0,STATIONARY,0.0
10.2578,10.6261,29.49,0.0,0.0,0.0,STATIONARY,0.0
10.2578,10.6261,29.506,0.0,0.0,0.0,STATIONARY,0.0
10.2578,10.6261,29.522,0.0,0.0,0.0,STATIONARY,0.0
10.2578,10.6261,29.539,0.0,0.0,0.0,STATIONARY,0.0
10.2578,10.6261,29.558,0.0,0.0,0.0,STATIONARY,0.0
10.2578,10.6261,29.575,0.0,0.0,0.0,STATIONARY,0.0
10.2578,10.6261,29.59,0.0,0.0,0.0,STATIONARY,0.0
10.2578,10.6261,29.608,0.0,0.0,0.0,STATIONARY,0.0
10.2578,10.6261,29.624,0.0,0.0,0.0,STATIONARY,0.0
10.2578,10.6261,29.641,0.0,0.0,0.0,STATIONARY,0.0
10.2578,10.6261,29.657,0.0,0.0,0.0,STATIONARY,0.0
10.2578,10.6261,29.677,0.0,0.0,0.0,STATIONARY,0.0
10.2578,10.6261,29.693,0.0,0.0,0.0,STATIONARY,0.0
10.2578,10.6261,29.71,0.0,0.0,0.0,STATIONARY,0.0
10.2578,10.6261,29.726,0.0,0.0,0.0,STATIONARY,0.0
10.2578,10.6261,29.742,0.0,0.0,0.0,STATIONARY,0.0
10.2578,10.6261,29.762,0.0,0.0,0.0,STATIONARY,0.0
10.2578,10.6261,29.779,0.0,0.0,0.0,STATIONARY,0.0
10.2578,10.6261,29.796,0.0,0.0,0.0,STATIONARY,0.0
10.2578,10.6261,29.819,0.0,0.0,0.0,STATIONARY,0.0
10.2578,10.6261,29.834,0.0,0.0,0.0,STATIONARY,0.0
10.2578,10.6261,29.851,0.0,0.0,0.0,STATIONARY,0.0
10.2578,10.6261,29.869,0.0,0.0,0.0,STATIONARY,0.0
10.2578,10.6261,29.887,0.0,0.0,0.0,STATIONARY,0.0
10.2578,10.6261,29.913,0.0,0.0,0.0,STATIONARY,0.0
10.2578,10.6261,29.932,0.0,0.0,0.0,STATIONARY,0.0
10.2578,10.6261,29.954,0.0,0.0,0.0,STATIONARY,0.0
10.2578,10.6261,29.969,0.0,0.0,0.0,STATIONARY,0.0
10.2578,10.6261,29.986,0.0,0.0,0.0,STATIONARY,0.0
10.2578,10.6261,30.003,0.0,0.0,0.0,STATIONARY,0.0
10.2578,10.6261,30.02,0.0,0.0,0.0,STATIONARY,0.0
10.2578,10.6261,30.039,0.0,0.0,0.0,STATIONARY,0.0
10.2578,10.6261,30.055,0.0,0.0,0.0,STATIONARY,0.0
10.2578,10.6261,30.09,0.0,0.0,0.0,STATIONARY,0.0
10.2578,10.6261,30.12,0.0,0.0,0.0,STATIONARY,0.0
10.2578,10.6261,30.138,0.0,0.0,0.0,STATIONARY,0.0
10.2578,10.6261,30.161,0.0,0.0,0.0,STATIONARY,0.0
10.2578,10.6261,30.178,0.0,0.0,0.0,STATIONARY,0.0
10.2578,10.6261,30.197,0.0,0.0,0.0,STATIONARY,0.0
10.2578,10.6261,30.215,0.0,0.0,0.0,STATIONARY,0.0
10.2578,10.6261,30.231,0.0,0.0,0.0,STATIONARY,0.0
10.2578,10.6261,30.25,0.0,0.0,0.0,STATIONARY,0.0
10.2578,10.6261,30.267,0.0,0.0,0.0,STATIONARY,0.0
10.2578,10.6261,30.286,0.0,0.0,0.0,STATIONARY,0.0
10.2578,10.6261,30.304,0.0,0.0,0.0,STATIONARY,0.0
10.2578,10.6261,30.32,0.0,0.0,0.0,STATIONARY,0.0
10.2578,10.6261,30.337,0.0,0.0,0.0,STATIONARY,0.0
10.2578,10.6261,30.357,0.0,0.0,0.0,STATIONARY,0.0
10.2578,10.6261,30.373,0.0,0.0,0.0,STATIONARY,0.0
10.2578,10.6261,30.389,0.0,0.0,0.0,STATIONARY,0.0
10.2578,10.6261,30.413,0.0,0.0,0.0,STATIONARY,0.0
10.2578,10.6261,30.43,0.0,0.0,0.0,STATIONARY,0.0
10.2578,10.6261,30.456,0.0,0.0,0.0,STATIONARY,0.0
10.2578,10.6261,30.473,0.0,0.0,0.0,STATIONARY,0.0
10.2578,10.6261,30.49,0.0,0.0,0.0,STATIONARY,0.0
10.2578,10.6261,30.505,0.0,0.0,0.0,STATIONARY,0.0
10.2578,10.6261,30.522,0.0,0.0,0.0,STATIONARY,0.0
10.2578,10.6261,30.538,0.0,0.0,0.0,STATIONARY,0.0
10.2578,10.6261,30.554,0.0,0.0,0.0,STATIONARY,0.0
10.2578,10.6261,30.576,0.0,0.0,0.0,STATIONARY,0.0
10.2578,10.6261,30.593,0.0,0.0,0.0,STATIONARY,0.0
10.2578,10.6261,30.618,0.0,0.0,0.0,STATIONARY,0.0
10.2578,10.6261,30.634,0.0,0.0,0.0,STATIONARY,0.0
10.2578,10.6261,30.651,0.0,0.0,0.0,STATIONARY,0.0
10.2578,10.6261,30.67,0.0,0.0,0.0,STATIONARY,0.0
10.2578,10.6261,30.687,0.0,0.0,0.0,STATIONARY,0.0
10.2578,10.6261,30.713,0.0,0.0,0.0,STATIONARY,0.0
10.2578,10.6261,30.729,0.0,0.0,0.0,STATIONARY,0.0
10.2578,10.6261,30.745,0.0,0.0,0.0,STATIONARY,0.0
10.2578,10.6261,30.762,0.0,0.0,0.0,STATIONARY,0.0
10.2578,10.6261,30.785,0.0,0.0,0.0,STATIONARY,0.0
10.2578,10.6261,30.802,0.0,0.0,0.0,STATIONARY,0.0
10.2578,10.6261,30.819,0.0,0.0,0.0,STATIONARY,0.0
10.2578,10.6261,30.839,0.0,0.0,0.0,STATIONARY,0.0
10.2578,10.6261,30.855,0.0,0.0,0.0,STATIONARY,0.0
10.2578,10.6261,30.872,0.0,0.0,0.0,STATIONARY,0.0
10.2578,10.6261,30.894,0.0,0.0,0.0,STATIONARY,0.0
10.2578,10.6261,30.911,0.0,0.0,0.0,STATIONARY,0.0
10.2578,10.6261,30.928,0.0,0.0,0.0,STATIONARY,0.0
10.2578,10.6261,30.944,0.0,0.0,0.0,STATIONARY,0.0
10.2578,10.6261,30.96,0.0,0.0,0.0,STATIONARY,0.0
10.2578,10.6261,30.977,0.0,0.0,0.0,STATIONARY,0.0
10.2578,10.6261,30.994,0.0,0.0,0.0,STATIONARY,0.0
10.2578,10.6261,31.012,0.0,0.0,0.0,STATIONARY,0.0
10.2578,10.6261,31.028,0.0,0.0,0.0,STATIONARY,0.0
10.2578,10.6261,31.044,0.0,0.0,0.0,STATIONARY,0.0
10.2578,10.6261,31.061,0.0,0.0,0.0,STATIONARY,0.0
10.2578,10.6261,31.084,0.0,0.0,0.0,STATIONARY,0.0
10.2578,10.6261,31.1,0.0,0.0,0.0,STATIONARY,0.0
10.2578,10.6261,31.12,0.0,0.0,0.0,STATIONARY,0.0
10.2578,10.6261,31.136,0.0,0.0,0.0,STATIONARY,0.0
10.2578,10.6261,31.157,0.0,0.0,0.0,STATIONARY,0.0
10.2578,10.6261,31.174,0.0,0.0,0.0,STATIONARY,0.0
10.2578,10.6261,31.198,0.0,0.0,0.0,STATIONARY,0.0
10.2578,10.6261,31.214,0.0,0.0,0.0,STATIONARY,0.0
10.2578,10.6261,31.23,0.0,0.0,0.0,STATIONARY,0.0
10.2578,10.6261,31.251,0.0,0.0,0.0,STATIONARY,0.0
10.2578,10.6261,31.268,0.0,0.0,0.0,STATIONARY,0.0
10.2578,10.6261,31.286,0.0,0.0,0.0,STATIONARY,0.0
10.2578,10.6261,31.308,0.0,0.0,0.0,STATIONARY,0.0
10.2578,10.6261,31.324,0.0,0.0,0.0,STATIONARY,0.0
10.2578,10.6261,31.341,0.0,0.0,0.0,STATIONARY,0.0
10.2578,10.6261,31.357,0.0,0.0,0.0,STATIONARY,0.0
10.2578,10.6261,31.377,0.0,0.0,0.0,STATIONARY,0.0
10.2578,10.6261,31.393,0.0,0.0,0.0,STATIONARY,0.0
10.2578,10.6261,31.409,0.0,0.0,0.0,STATIONARY,0.0
10.2578,10.6261,31.427,0.0,0.0,0.0,STATIONARY,0.0
10.2578,10.6261,31.453,0.0,0.0,0.0,STATIONARY,0.0
10.2578,10.6261,31.469,0.0,0.0,0.0,STATIONARY,0.0
10.2578,10.6261,31.486,0.0,0.0,0.0,STATIONARY,0.0
10.2578,10.6261,31.503,0.0,0.0,0.0,STATIONARY,0.0
10.2578,10.6261,31.52,0.0,0.0,0.0,STATIONARY,0.0
10.2578,10.6261,31.537,0.0,0.0,0.0,STATIONARY,0.0
10.2578,10.6261,31.558,0.0,0.0,0.0,STATIONARY,0.0
10.2578,10.6261,31.575,0.0,0.0,0.0,STATIONARY,0.0
10.2578,10.6261,31.595,0.0,0.0,0.0,STATIONARY,0.0
10.2578,10.6261,31.612,0.0,0.0,0.0,STATIONARY,0.0
10.2578,10.6261,31.629,0.0,0.0,0.0,STATIONARY,0.0
10.2578,10.6261,31.646,0.0,0.0,0.0,STATIONARY,0.0
10.2578,10.6261,31.663,0.0,0.0,0.0,STATIONARY,0.0
10.2578,10.6261,31.683,0.0,0.0,0.0,STATIONARY,0.0
10.2578,10.6261,31.7,0.0,0.0,0.0,STATIONARY,0.0
10.2578,10.6261,31.716,0.0,0.0,0.0,STATIONARY,0.0
10.2578,10.6261,31.733,0.0,0.0,0.0,STATIONARY,0.0
10.2578,10.6261,31.754,0.0,0.0,0.0,STATIONARY,0.0
10.2578,10.6261,31.77,0.0,0.0,0.0,STATIONARY,0.0
10.2578,10.6261,31.791,0.0,0.0,0.0,STATIONARY,0.0
10.2578,10.6261,31.808,0.0,0.0,0.0,STATIONARY,0.0
10.2578,10.6261,31.825,0.0,0.0,0.0,STATIONARY,0.0
10.2578,10.6261,31.842,0.0,0.0,0.0,STATIONARY,0.0
10.2578,10.6261,31.859,0.0,0.0,0.0,STATIONARY,0.0
10.2578,10.6261,31.875,0.0,0.0,0.0,STATIONARY,0.0
10.2578,10.6261,31.893,0.0,0.0,0.0,STATIONARY,0.0
10.2578,10.6261,31.909,0.0,0.0,0.0,STATIONARY,0.0
10.2578,10.6261,31.926,0.0,0.0,0.0,STATIONARY,0.0
10.2578,10.6261,31.943,0.0,0.0,0.0,STATIONARY,0.0
10.2578,10.6261,31.961,0.0,0.0,0.0,STATIONARY,0.0
10.2578,10.6261,31.978,0.0,0.0,0.0,STATIONARY,0.0
10.2578,10.6261,31.993,0.0,0.0,0.0,STATIONARY,0.0
10.2578,10.6261,32.014,0.0,0.0,0.0,STATIONARY,0.0
10.2578,10.6261,32.03,0.0,0.0,0.0,STATIONARY,0.0
10.2578,10.6261,32.047,0.0,0.0,0.0,STATIONARY,0.0
10.2578,10.6261,32.064,0.0,0.0,0.0,STATIONARY,0.0
10.2578,10.6261,32.08,0.0,0.0,0.0,STATIONARY,0.0
10.2578,10.6261,32.096,0.0,0.0,0.0,STATIONARY,0.0
10.2578,10.6261,32.119,0.0,0.0,0.0,STATIONARY,0.0
10.2578,10.6261,32.135,0.0,0.0,0.0,STATIONARY,0.0
10.2578,10.6261,32.152,0.0,0.0,0.0,STATIONARY,0.0
10.2578,10.6261,32.17,0.0,0.0,0.0,STATIONARY,0.0
10.2578,10.6261,32.186,0.0,0.0,0.0,STATIONARY,0.0
10.2578,10.6261,32.204,0.0,0.0,0.0,STATIONARY,0.0
10.2578,10.6261,32.221,0.0,0.0,0.0,STATIONARY,0.0
10.2578,10.6261,32.237,0.0,0.0,0.0,STATIONARY,0.0
10.2578,10.6261,32.256,0.0,0.0,0.0,STATIONARY,0.0
